Api,Wellid,Reservoir,Cumulativeoil,Cumulativegas,Cumulativeboe,Cumulativewater,Cumulativedays,Firstproddate,Lastproddate,Lasttestdate,Ipoil,Ipgas,Firstthreemonthoil,Firstthreemonthmaxoil,Firstthreemonthoildecline,Firstthreemonthgas,Firstthreemonthmaxgas,Firstthreemonthgasdecline,Firstthreemonthboe,Firstthreemonthmaxboe,Firstthreemonthboedecline,Firstthreemonthwater,Firstthreemonthmaxwater,Firstthreemonthwaterdecline,Firstthreemonthdays,Firstsixmonthoil,Firstsixmonthoildecline,Firstsixmonthgas,Firstsixmonthgasdecline,Firstsixmonthboe,Firstsixmonthboedecline,Firstsixmonthwater,Firstsixmonthwaterdecline,Firstsixmonthdays,Firsttwelvemonthoil,Firsttwelvemonthoildecline,Firsttwelvemonthgas,Firsttwelvemonthgasdecline,Firsttwelvemonthboe,Firsttwelvemonthboedecline,Firsttwelvemonthwater,Firsttwelvemonthwaterdecline,Firsttwelvemonthdays,Firsttwentyfourmonthoil,Firsttwentyfourmonthoildecline,Firsttwentyfourmonthgas,Firsttwentyfourmonthgasdecline,Firsttwentyfourmonthboe,Firsttwentyfourmonthboedecline,Firsttwentyfourmonthwater,Firsttwentyfourmonthwaterdecline,Firsttwentyfourmonthdays,Firstthirtysixmonthoil,Firstthirtysixmonthoildecline,Firstthirtysixmonthgas,Firstthirtysixmonthgasdecline,Firstthirtysixmonthboe,Firstthirtysixmonthboedecline,Firstthirtysixmonthwater,Firstthirtysixmonthwaterdecline,Firstthirtysixmonthdays,Firstsixtymonthoil,Firstsixtymonthoildecline,Firstsixtymonthgas,Firstsixtymonthgasdecline,Firstsixtymonthboe,Firstsixtymonthboedecline,Firstsixtymonthwater,Firstsixtymonthwaterdecline,Firstsixtymonthdays,Maxmonthoil,Maxoilmonthdays,Maxoilmonth,Maxoilmonthnumber,Maxmonthgas,Maxgasmonthdays,Maxgasmonth,Maxgasmonthnumber,Maxmonthboe,Maxboemonthdays,Maxboemonth,Maxboemonthnumber,Maxmonthwater,Maxwatermonthdays,Maxwatermonth,Maxwatermonthnumber,Maxthreemonthoil,Maxoilthreemonthdays,Maxthreemonthgas,Maxgasthreemonthdays,Maxthreemonthboe,Maxboethreemonthdays,Maxthreemonthwater,Maxwaterthreemonthdays,Maxsixmonthoil,Maxoilsixmonthdays,Maxsixmonthgas,Maxgassixmonthdays,Maxsixmonthboe,Maxboesixmonthdays,Maxsixmonthwater,Maxwatersixmonthdays,Maxtwelvemonthoil,Maxoiltwelvemonthdays,Maxtwelvemonthgas,Maxgastwelvemonthdays,Maxtwelvemonthboe,Maxboetwelvemonthdays,Maxtwelvemonthwater,Maxwatertwelvemonthdays,Lastsixmonthoil,Lastsixmonthoildecline,Lastsixmonthgas,Lastsixmonthgasdecline,Lastsixmonthboe,Lastsixmonthboedecline,Lastsixmonthwater,Lastsixmonthwaterdecline,Lastsixmonthdays,Lasttwelvemonthoil,Lasttwelvemonthoildecline,Lasttwelvemonthgas,Lasttwelvemonthgasdecline,Lasttwelvemonthboe,Lasttwelvemonthboedecline,Lasttwelvemonthwater,Lasttwelvemonthwaterdecline,Lasttwelvemonthdays,Datecreated,Datelastmodified,Totalproducingdays,Totalproducingmonths,Firstmonthoil,Firstmonthgas,Firstmonthwater,Firstmonthboe,Lastmonthoil,Lastmonthgas,Lastmonthwater,Lastmonthboe,Eurboe,Euroil,Eurgas,Eurwater,Firsttwomonthoil,Firsttwomonthmaxoil,Firsttwomonthoildecline,Firsttwomonthgas,Firsttwomonthmaxgas,Firsttwomonthgasdecline,Firsttwomonthboe,Firsttwomonthmaxboe,Firsttwomonthboedecline,Firsttwomonthwater,Firsttwomonthmaxwater,Firsttwomonthwaterdecline,Firsttwomonthdays
05067095330000,80670f49-05f3-422c-81cc-5ab69f799d83,FRLDC,0,6144,1024,1227,31,1/1/2018 12:00:00 AM,1/1/2018 12:00:00 AM,,,,,,,,,,,,,,,,,,,,,,,,,,,,,,,,,,,,,,,,,,,,,,,,,,,,,,,,,,,,,,0,31,1/1/2018 12:00:00 AM,1,6144,31,1/1/2018 12:00:00 AM,1,1024,31,1/1/2018 12:00:00 AM,1,1227,31,1/1/2018 12:00:00 AM,1,,,,,,,,,,,,,,,,,,,,,,,,,,,,,,,,,,,,,,,,,,,9/23/2017 4:11:26 AM,9/23/2017 4:11:26 AM,31,1,0,6144,1227,1024,0,6144,1227,1024,,,,,,,,,,,,,,,,,
25101242340000,a9d042fe-679a-4e92-ae00-3ca445aed8ba,Swift,15,0,15,4800,59,1/1/2018 12:00:00 AM,2/1/2018 12:00:00 AM,,,,,,,,,,,,,,,,,,,,,,,,,,,,,,,,,,,,,,,,,,,,,,,,,,,,,,,,,,,,,,10,28,2/1/2018 12:00:00 AM,2,0,31,1/1/2018 12:00:00 AM,1,10,28,2/1/2018 12:00:00 AM,2,2400,31,1/1/2018 12:00:00 AM,1,,,,,,,,,,,,,,,,,,,,,,,,,,,,,,,,,,,,,,,,,,,2/26/2018 9:34:42 AM,2/26/2018 9:33:17 AM,59,2,5,0,2400,5,10,0,2400,10,,,,,15,,50,0,,0,15,,50,4800,,0,59
3002541378,35b7a95e-6175-4f2a-9d56-afc01e0ec300,"BONE SPRING, NORTH",6176,6529,7264.16650390625,21817,31,1/1/2018 12:00:00 AM,1/1/2018 12:00:00 AM,1/28/2018 12:00:00 AM,,,,,,,,,,,,,,,,,,,,,,,,,,,,,,,,,,,,,,,,,,,,,,,,,,,,,,,,,,,,,6176,31,1/1/2018 12:00:00 AM,1,6529,31,1/1/2018 12:00:00 AM,1,7264.16650390625,31,1/1/2018 12:00:00 AM,1,21817,31,1/1/2018 12:00:00 AM,1,,,,,,,,,,,,,,,,,,,,,,,,,,,,,,,,,,,,,,,,,,,11/17/2017 9:56:09 PM,11/17/2017 9:56:09 PM,31,1,6176,6529,21817,7264.16650390625,6176,6529,21817,7264.16650390625,,,,,,,,,,,,,,,,,
33025026090000,61db6d29-7a76-4d4e-a440-0d974a58d36d,BAKKEN,22782,18683,25895.8330078125,26976,59,1/1/2018 12:00:00 AM,2/1/2018 12:00:00 AM,,,,,,,,,,,,,,,,,,,,,,,,,,,,,,,,,,,,,,,,,,,,,,,,,,,,,,,,,,,,,,13770,28,2/1/2018 12:00:00 AM,2,11751,28,2/1/2018 12:00:00 AM,2,15728.5,28,2/1/2018 12:00:00 AM,2,15879,28,2/1/2018 12:00:00 AM,2,,,,,,,,,,,,,,,,,,,,,,,,,,,,,,,,,,,,,,,,,,,11/21/2017 6:12:57 AM,11/21/2017 6:12:57 AM,59,2,9012,6932,11097,10167.3330078125,13770,11751,15879,15728.5,,,,,22782,,34.5533769063181,18683,,41.0092758063144,25895.8330078125,,35.3572622448899,26976,,30.1152465520499,59
33025026100000,9f11cba5-5b23-4e34-ac9d-39780c6be214,BAKKEN,20351,14966,22845.3330078125,21268,59,1/1/2018 12:00:00 AM,2/1/2018 12:00:00 AM,,,,,,,,,,,,,,,,,,,,,,,,,,,,,,,,,,,,,,,,,,,,,,,,,,,,,,,,,,,,,,12517,28,2/1/2018 12:00:00 AM,2,9747,28,2/1/2018 12:00:00 AM,2,14141.5,28,2/1/2018 12:00:00 AM,2,13440,28,2/1/2018 12:00:00 AM,2,,,,,,,,,,,,,,,,,,,,,,,,,,,,,,,,,,,,,,,,,,,11/21/2017 6:12:57 AM,11/21/2017 6:12:57 AM,59,2,7834,5219,7828,8703.8330078125,12517,9747,13440,14141.5,,,,,20351,,37.4131181593034,14966,,46.4553195855135,22845.3330078125,,38.4518402728671,21268,,41.7559523809524,59
33105025900000,8922196d-65ef-49c9-a1d1-b75ba0530931,BAKKEN,9603,0,9603,22134,31,1/1/2018 12:00:00 AM,1/1/2018 12:00:00 AM,,,,,,,,,,,,,,,,,,,,,,,,,,,,,,,,,,,,,,,,,,,,,,,,,,,,,,,,,,,,,,9603,31,1/1/2018 12:00:00 AM,1,0,31,1/1/2018 12:00:00 AM,1,9603,31,1/1/2018 12:00:00 AM,1,22134,31,1/1/2018 12:00:00 AM,1,,,,,,,,,,,,,,,,,,,,,,,,,,,,,,,,,,,,,,,,,,,11/21/2017 6:31:21 AM,11/21/2017 6:31:21 AM,31,1,9603,0,22134,9603,9603,0,22134,9603,,,,,,,,,,,,,,,,,
33105025890000,dd387aee-1837-411a-89c1-b7bf77f4a02b,BAKKEN,6176,0,6176,30993,31,1/1/2018 12:00:00 AM,1/1/2018 12:00:00 AM,,,,,,,,,,,,,,,,,,,,,,,,,,,,,,,,,,,,,,,,,,,,,,,,,,,,,,,,,,,,,,6176,31,1/1/2018 12:00:00 AM,1,0,31,1/1/2018 12:00:00 AM,1,6176,31,1/1/2018 12:00:00 AM,1,30993,31,1/1/2018 12:00:00 AM,1,,,,,,,,,,,,,,,,,,,,,,,,,,,,,,,,,,,,,,,,,,,11/21/2017 6:31:21 AM,11/21/2017 6:31:21 AM,31,1,6176,0,30993,6176,6176,0,30993,6176,,,,,,,,,,,,,,,,,
35121220360001,5a3d38da-e2df-4c45-9a5e-326642f6dcd8,UPPER BOOCH,0,384,64,0,31,1/1/2018 12:00:00 AM,1/1/2018 12:00:00 AM,,,,,,,,,,,,,,,,,,,,,,,,,,,,,,,,,,,,,,,,,,,,,,,,,,,,,,,,,,,,,,0,31,1/1/2018 12:00:00 AM,1,384,31,1/1/2018 12:00:00 AM,1,64,31,1/1/2018 12:00:00 AM,1,0,31,1/1/2018 12:00:00 AM,1,,,,,,,,,,,,,,,,,,,,,,,,,,,,,,,,,,,,,,,,,,,11/22/2017 1:36:30 AM,11/22/2017 1:36:30 AM,31,1,0,384,0,64,0,384,0,64,,,,,,,,,,,,,,,,,
4301351078,b709449c-230a-4282-8973-1e4bf0759f5e,WASATCH,6544,0,6544,2021,31,1/1/2018 12:00:00 AM,1/1/2018 12:00:00 AM,,,,,,,,,,,,,,,,,,,,,,,,,,,,,,,,,,,,,,,,,,,,,,,,,,,,,,,,,,,,,,6544,31,1/1/2018 12:00:00 AM,1,0,31,1/1/2018 12:00:00 AM,1,6544,31,1/1/2018 12:00:00 AM,1,2021,31,1/1/2018 12:00:00 AM,1,,,,,,,,,,,,,,,,,,,,,,,,,,,,,,,,,,,,,,,,,,,9/29/2017 9:07:35 AM,9/29/2017 9:07:35 AM,31,1,6544,0,2021,6544,6544,0,2021,6544,,,,,,,,,,,,,,,,,
33053063260000,ab2fa47d-0472-48e9-b2cc-4b5c5fb9ec68,BAKKEN,781,0,781,12689,31,1/1/2018 12:00:00 AM,1/1/2018 12:00:00 AM,,,,,,,,,,,,,,,,,,,,,,,,,,,,,,,,,,,,,,,,,,,,,,,,,,,,,,,,,,,,,,781,31,1/1/2018 12:00:00 AM,1,0,31,1/1/2018 12:00:00 AM,1,781,31,1/1/2018 12:00:00 AM,1,12689,31,1/1/2018 12:00:00 AM,1,,,,,,,,,,,,,,,,,,,,,,,,,,,,,,,,,,,,,,,,,,,9/20/2017 10:48:12 PM,9/20/2017 10:48:12 PM,31,1,781,0,12689,781,781,0,12689,781,,,,,,,,,,,,,,,,,
33053063270000,ba191a79-8e71-40a2-b036-53dca80ed7d2,BAKKEN,272,0,272,21080,31,1/1/2018 12:00:00 AM,1/1/2018 12:00:00 AM,,,,,,,,,,,,,,,,,,,,,,,,,,,,,,,,,,,,,,,,,,,,,,,,,,,,,,,,,,,,,,272,31,1/1/2018 12:00:00 AM,1,0,31,1/1/2018 12:00:00 AM,1,272,31,1/1/2018 12:00:00 AM,1,21080,31,1/1/2018 12:00:00 AM,1,,,,,,,,,,,,,,,,,,,,,,,,,,,,,,,,,,,,,,,,,,,9/20/2017 10:51:50 PM,9/20/2017 10:51:50 PM,31,1,272,0,21080,272,272,0,21080,272,,,,,,,,,,,,,,,,,
33053065180000,22ec4810-0269-472d-9351-8e128c6cec84,SANISH,14898,24077,18910.833984375,4777,31,1/1/2018 12:00:00 AM,1/1/2018 12:00:00 AM,,,,,,,,,,,,,,,,,,,,,,,,,,,,,,,,,,,,,,,,,,,,,,,,,,,,,,,,,,,,,,14898,31,1/1/2018 12:00:00 AM,1,24077,31,1/1/2018 12:00:00 AM,1,18910.833984375,31,1/1/2018 12:00:00 AM,1,4777,31,1/1/2018 12:00:00 AM,1,,,,,,,,,,,,,,,,,,,,,,,,,,,,,,,,,,,,,,,,,,,11/21/2017 6:20:52 AM,11/21/2017 6:20:52 AM,31,1,14898,24077,4777,18910.833984375,14898,24077,4777,18910.833984375,,,,,,,,,,,,,,,,,
33053063290000,a77f7e87-0073-4320-993f-c26a7daa39a9,BAKKEN,0,0,0,6858,31,1/1/2018 12:00:00 AM,1/1/2018 12:00:00 AM,,,,,,,,,,,,,,,,,,,,,,,,,,,,,,,,,,,,,,,,,,,,,,,,,,,,,,,,,,,,,,0,31,1/1/2018 12:00:00 AM,1,0,31,1/1/2018 12:00:00 AM,1,0,31,1/1/2018 12:00:00 AM,1,6858,31,1/1/2018 12:00:00 AM,1,,,,,,,,,,,,,,,,,,,,,,,,,,,,,,,,,,,,,,,,,,,9/20/2017 10:35:57 PM,9/20/2017 10:35:57 PM,31,1,0,0,6858,0,0,0,6858,0,,,,,,,,,,,,,,,,,
33053068210000,2e852d7a-bea1-4e3c-9f93-01df39214ec1,BAKKEN,1709,3881,2355.83325195313,591,31,1/1/2018 12:00:00 AM,1/1/2018 12:00:00 AM,,,,,,,,,,,,,,,,,,,,,,,,,,,,,,,,,,,,,,,,,,,,,,,,,,,,,,,,,,,,,,1709,31,1/1/2018 12:00:00 AM,1,3881,31,1/1/2018 12:00:00 AM,1,2355.83325195313,31,1/1/2018 12:00:00 AM,1,591,31,1/1/2018 12:00:00 AM,1,,,,,,,,,,,,,,,,,,,,,,,,,,,,,,,,,,,,,,,,,,,9/20/2017 10:44:12 PM,9/20/2017 10:44:12 PM,31,1,1709,3881,591,2355.83325195313,1709,3881,591,2355.83325195313,,,,,,,,,,,,,,,,,
33053068220000,36e8b51f-32c5-45bb-9e79-0c281b833865,BAKKEN,792,871,937.166687011719,1027,31,1/1/2018 12:00:00 AM,1/1/2018 12:00:00 AM,,,,,,,,,,,,,,,,,,,,,,,,,,,,,,,,,,,,,,,,,,,,,,,,,,,,,,,,,,,,,,792,31,1/1/2018 12:00:00 AM,1,871,31,1/1/2018 12:00:00 AM,1,937.166687011719,31,1/1/2018 12:00:00 AM,1,1027,31,1/1/2018 12:00:00 AM,1,,,,,,,,,,,,,,,,,,,,,,,,,,,,,,,,,,,,,,,,,,,9/20/2017 10:30:41 PM,9/20/2017 10:30:41 PM,31,1,792,871,1027,937.166687011719,792,871,1027,937.166687011719,,,,,,,,,,,,,,,,,
33053068200000,3753191c-0b63-4381-a7a7-ef5aceea585e,BAKKEN,1903,3881,2549.83325195313,666,31,1/1/2018 12:00:00 AM,1/1/2018 12:00:00 AM,,,,,,,,,,,,,,,,,,,,,,,,,,,,,,,,,,,,,,,,,,,,,,,,,,,,,,,,,,,,,,1903,31,1/1/2018 12:00:00 AM,1,3881,31,1/1/2018 12:00:00 AM,1,2549.83325195313,31,1/1/2018 12:00:00 AM,1,666,31,1/1/2018 12:00:00 AM,1,,,,,,,,,,,,,,,,,,,,,,,,,,,,,,,,,,,,,,,,,,,9/20/2017 10:49:16 PM,9/20/2017 10:49:16 PM,31,1,1903,3881,666,2549.83325195313,1903,3881,666,2549.83325195313,,,,,,,,,,,,,,,,,
33025029690000,a49790bf-b4b2-4558-8813-07f3f072ad93,BAKKEN,13086,12881,15232.8334960938,98751,59,1/1/2018 12:00:00 AM,2/1/2018 12:00:00 AM,,,,,,,,,,,,,,,,,,,,,,,,,,,,,,,,,,,,,,,,,,,,,,,,,,,,,,,,,,,,,,7183,28,2/1/2018 12:00:00 AM,2,7150,28,2/1/2018 12:00:00 AM,2,8374.6669921875,28,2/1/2018 12:00:00 AM,2,50313,31,1/1/2018 12:00:00 AM,1,,,,,,,,,,,,,,,,,,,,,,,,,,,,,,,,,,,,,,,,,,,9/20/2017 10:40:53 PM,9/20/2017 10:40:53 PM,59,2,5903,5731,50313,6858.16650390625,7183,7150,48438,8374.6669921875,,,,,13086,,17.8198524293471,12881,,19.8461538461538,15232.8334960938,,18.108188536881,98751,,3.72667103929402,59
33025029680000,00595df1-52de-4c90-9af7-a0911113c34c,BAKKEN,18506,19365,21733.5,101813,59,1/1/2018 12:00:00 AM,2/1/2018 12:00:00 AM,,,,,,,,,,,,,,,,,,,,,,,,,,,,,,,,,,,,,,,,,,,,,,,,,,,,,,,,,,,,,,10136,28,2/1/2018 12:00:00 AM,2,11053,28,2/1/2018 12:00:00 AM,2,11978.1669921875,28,2/1/2018 12:00:00 AM,2,53185,28,2/1/2018 12:00:00 AM,2,,,,,,,,,,,,,,,,,,,,,,,,,,,,,,,,,,,,,,,,,,,9/20/2017 10:40:57 PM,9/20/2017 10:40:57 PM,59,2,8370,8312,48628,9755.3330078125,10136,11053,53185,11978.1669921875,,,,,18506,,17.423046566693,19365,,24.7986971862843,21733.5,,18.5573801552842,101813,,8.56820532104917,59
33053070620000,5eae641d-4f6a-41ba-b5c7-78af15b3029e,BAKKEN,1584,2660,2027.33337402344,3424,31,1/1/2018 12:00:00 AM,1/1/2018 12:00:00 AM,,,,,,,,,,,,,,,,,,,,,,,,,,,,,,,,,,,,,,,,,,,,,,,,,,,,,,,,,,,,,,1584,31,1/1/2018 12:00:00 AM,1,2660,31,1/1/2018 12:00:00 AM,1,2027.33337402344,31,1/1/2018 12:00:00 AM,1,3424,31,1/1/2018 12:00:00 AM,1,,,,,,,,,,,,,,,,,,,,,,,,,,,,,,,,,,,,,,,,,,,9/20/2017 10:48:19 PM,9/20/2017 10:48:19 PM,31,1,1584,2660,3424,2027.33337402344,1584,2660,3424,2027.33337402344,,,,,,,,,,,,,,,,,
33053070610000,1ef1ccfc-5c9b-43e9-b2fc-cd1bddc2549a,BAKKEN,2373,5006,3207.33325195313,5788,31,1/1/2018 12:00:00 AM,1/1/2018 12:00:00 AM,,,,,,,,,,,,,,,,,,,,,,,,,,,,,,,,,,,,,,,,,,,,,,,,,,,,,,,,,,,,,,2373,31,1/1/2018 12:00:00 AM,1,5006,31,1/1/2018 12:00:00 AM,1,3207.33325195313,31,1/1/2018 12:00:00 AM,1,5788,31,1/1/2018 12:00:00 AM,1,,,,,,,,,,,,,,,,,,,,,,,,,,,,,,,,,,,,,,,,,,,9/20/2017 10:51:58 PM,9/20/2017 10:51:58 PM,31,1,2373,5006,5788,3207.33325195313,2373,5006,5788,3207.33325195313,,,,,,,,,,,,,,,,,
33053071070000,227e0434-c1b2-4fcf-a0a2-24d6b83741a9,SANISH,45808,56148,55166.0009765625,14185,59,1/1/2018 12:00:00 AM,2/1/2018 12:00:00 AM,,,,,,,,,,,,,,,,,,,,,,,,,,,,,,,,,,,,,,,,,,,,,,,,,,,,,,,,,,,,,,36820,28,2/1/2018 12:00:00 AM,2,45487,28,2/1/2018 12:00:00 AM,2,44401.16796875,28,2/1/2018 12:00:00 AM,2,13183,28,2/1/2018 12:00:00 AM,2,,,,,,,,,,,,,,,,,,,,,,,,,,,,,,,,,,,,,,,,,,,11/21/2017 6:21:26 AM,11/21/2017 6:21:26 AM,59,2,8988,10661,1002,10764.8330078125,36820,45487,13183,44401.16796875,,,,,45808,,75.5893536121673,56148,,76.5625343504738,55166.0009765625,,75.7555183787307,14185,,92.399302131533,59
25101242650000,fc891525-3a8c-4373-86a9-58b0b1d6945d,Swift,15,0,15,900,59,1/1/2018 12:00:00 AM,2/1/2018 12:00:00 AM,,,,,,,,,,,,,,,,,,,,,,,,,,,,,,,,,,,,,,,,,,,,,,,,,,,,,,,,,,,,,,10,28,2/1/2018 12:00:00 AM,2,0,31,1/1/2018 12:00:00 AM,1,10,28,2/1/2018 12:00:00 AM,2,450,31,1/1/2018 12:00:00 AM,1,,,,,,,,,,,,,,,,,,,,,,,,,,,,,,,,,,,,,,,,,,,2/26/2018 6:21:49 AM,2/26/2018 6:21:47 AM,59,2,5,0,450,5,10,0,450,10,,,,,15,,50,0,,0,15,,50,900,,0,59
3002120638,2313e93e-9d78-43de-b078-7e34b846fa12,BRAVO DOME CARBON DIOXIDE GAS 640,0,12828,2138,0,31,1/1/2018 12:00:00 AM,1/1/2018 12:00:00 AM,5/4/2015 12:00:00 AM,,,,,,,,,,,,,,,,,,,,,,,,,,,,,,,,,,,,,,,,,,,,,,,,,,,,,,,,,,,,,0,31,1/1/2018 12:00:00 AM,1,12828,31,1/1/2018 12:00:00 AM,1,2138,31,1/1/2018 12:00:00 AM,1,0,31,1/1/2018 12:00:00 AM,1,,,,,,,,,,,,,,,,,,,,,,,,,,,,,,,,,,,,,,,,,,,11/17/2017 7:18:25 PM,11/17/2017 7:18:25 PM,31,1,0,12828,0,2138,0,12828,0,2138,,,,,,,,,,,,,,,,,
3001543300,8a97ca63-29cd-4df8-92b9-a82e9336bb80,GLORIETA-YESO,328,257,370.833343505859,27451,31,1/1/2018 12:00:00 AM,1/1/2018 12:00:00 AM,1/22/2018 12:00:00 AM,,,,,,,,,,,,,,,,,,,,,,,,,,,,,,,,,,,,,,,,,,,,,,,,,,,,,,,,,,,,,328,31,1/1/2018 12:00:00 AM,1,257,31,1/1/2018 12:00:00 AM,1,370.833343505859,31,1/1/2018 12:00:00 AM,1,27451,31,1/1/2018 12:00:00 AM,1,,,,,,,,,,,,,,,,,,,,,,,,,,,,,,,,,,,,,,,,,,,11/17/2017 4:20:37 PM,11/17/2017 4:20:37 PM,31,1,328,257,27451,370.833343505859,328,257,27451,370.833343505859,,,,,,,,,,,,,,,,,
3002542116,85f88048-142e-4b8d-9a94-c6623b6cb933,GRAYBURG-SAN ANDRES,17,4306,734.666687011719,164006,31,1/1/2018 12:00:00 AM,1/1/2018 12:00:00 AM,11/8/2017 12:00:00 AM,,,,,,,,,,,,,,,,,,,,,,,,,,,,,,,,,,,,,,,,,,,,,,,,,,,,,,,,,,,,,17,31,1/1/2018 12:00:00 AM,1,4306,31,1/1/2018 12:00:00 AM,1,734.666687011719,31,1/1/2018 12:00:00 AM,1,164006,31,1/1/2018 12:00:00 AM,1,,,,,,,,,,,,,,,,,,,,,,,,,,,,,,,,,,,,,,,,,,,9/16/2017 7:38:31 AM,9/16/2017 7:38:31 AM,31,1,17,4306,164006,734.666687011719,17,4306,164006,734.666687011719,,,,,,,,,,,,,,,,,
3001542732,22977fc2-ac43-4926-9afd-c8448b5b40c7,WOLFCAMP (GAS),9347,24812,13482.3330078125,42774,31,1/1/2018 12:00:00 AM,1/1/2018 12:00:00 AM,,,,,,,,,,,,,,,,,,,,,,,,,,,,,,,,,,,,,,,,,,,,,,,,,,,,,,,,,,,,,,9347,31,1/1/2018 12:00:00 AM,1,24812,31,1/1/2018 12:00:00 AM,1,13482.3330078125,31,1/1/2018 12:00:00 AM,1,42774,31,1/1/2018 12:00:00 AM,1,,,,,,,,,,,,,,,,,,,,,,,,,,,,,,,,,,,,,,,,,,,10/24/2017 7:17:07 AM,10/24/2017 7:17:07 AM,31,1,9347,24812,42774,13482.3330078125,9347,24812,42774,13482.3330078125,,,,,,,,,,,,,,,,,
3001542733,11cf397e-98f8-413e-a017-cd3d8e1f1634,WOLFCAMP (GAS),9164,21984,12828,32864,31,1/1/2018 12:00:00 AM,1/1/2018 12:00:00 AM,10/26/2017 12:00:00 AM,,,,,,,,,,,,,,,,,,,,,,,,,,,,,,,,,,,,,,,,,,,,,,,,,,,,,,,,,,,,,9164,31,1/1/2018 12:00:00 AM,1,21984,31,1/1/2018 12:00:00 AM,1,12828,31,1/1/2018 12:00:00 AM,1,32864,31,1/1/2018 12:00:00 AM,1,,,,,,,,,,,,,,,,,,,,,,,,,,,,,,,,,,,,,,,,,,,11/17/2017 5:20:24 PM,11/17/2017 5:20:24 PM,31,1,9164,21984,32864,12828,9164,21984,32864,12828,,,,,,,,,,,,,,,,,
3002542701,becb693d-9003-4e3f-9118-dc7fdf174b33,BONE SPRING,8097,765,8224.5,12941,31,1/1/2018 12:00:00 AM,1/1/2018 12:00:00 AM,1/15/2018 12:00:00 AM,,,,,,,,,,,,,,,,,,,,,,,,,,,,,,,,,,,,,,,,,,,,,,,,,,,,,,,,,,,,,8097,31,1/1/2018 12:00:00 AM,1,765,31,1/1/2018 12:00:00 AM,1,8224.5,31,1/1/2018 12:00:00 AM,1,12941,31,1/1/2018 12:00:00 AM,1,,,,,,,,,,,,,,,,,,,,,,,,,,,,,,,,,,,,,,,,,,,11/17/2017 9:23:23 PM,11/17/2017 9:23:23 PM,31,1,8097,765,12941,8224.5,8097,765,12941,8224.5,,,,,,,,,,,,,,,,,
33025030150000,46c3081d-20d2-476e-b4ac-810593c820ca,BAKKEN,14429,11035,16268.1666666269,20667,59,1/1/2018 12:00:00 AM,2/1/2018 12:00:00 AM,,,,,,,,,,,,,,,,,,,,,,,,,,,,,,,,,,,,,,,,,,,,,,,,,,,,,,,,,,,,,,14429,28,2/1/2018 12:00:00 AM,2,11028,28,2/1/2018 12:00:00 AM,2,16267,28,2/1/2018 12:00:00 AM,2,20667,28,2/1/2018 12:00:00 AM,2,,,,,,,,,,,,,,,,,,,,,,,,,,,,,,,,,,,,,,,,,,,11/21/2017 6:13:12 AM,11/21/2017 6:13:12 AM,59,2,0,7,0,1.16666662693024,14429,11028,20667,16267,,,,,14429,,100,11035,,99.93652520856,16268.1666666269,,99.9928280160636,20667,,100,59
33053074150000,3cb68e00-f788-4bba-8597-079908526251,BAKKEN,14636,1114,14821.6669921875,11958,31,1/1/2018 12:00:00 AM,1/1/2018 12:00:00 AM,,,,,,,,,,,,,,,,,,,,,,,,,,,,,,,,,,,,,,,,,,,,,,,,,,,,,,,,,,,,,,14636,31,1/1/2018 12:00:00 AM,1,1114,31,1/1/2018 12:00:00 AM,1,14821.6669921875,31,1/1/2018 12:00:00 AM,1,11958,31,1/1/2018 12:00:00 AM,1,,,,,,,,,,,,,,,,,,,,,,,,,,,,,,,,,,,,,,,,,,,9/20/2017 10:36:58 PM,9/20/2017 10:36:58 PM,31,1,14636,1114,11958,14821.6669921875,14636,1114,11958,14821.6669921875,,,,,,,,,,,,,,,,,
33053074120000,84554e7f-ba8d-45c9-be3b-4719846a0fb4,BAKKEN,23320,1364,23547.333984375,9302,31,1/1/2018 12:00:00 AM,1/1/2018 12:00:00 AM,,,,,,,,,,,,,,,,,,,,,,,,,,,,,,,,,,,,,,,,,,,,,,,,,,,,,,,,,,,,,,23320,31,1/1/2018 12:00:00 AM,1,1364,31,1/1/2018 12:00:00 AM,1,23547.333984375,31,1/1/2018 12:00:00 AM,1,9302,31,1/1/2018 12:00:00 AM,1,,,,,,,,,,,,,,,,,,,,,,,,,,,,,,,,,,,,,,,,,,,9/20/2017 10:30:38 PM,9/20/2017 10:30:38 PM,31,1,23320,1364,9302,23547.333984375,23320,1364,9302,23547.333984375,,,,,,,,,,,,,,,,,
33053074160000,361ddfc6-472d-44b2-90d5-8f58a2056d8e,BAKKEN,27492,2248,27866.666015625,10043,31,1/1/2018 12:00:00 AM,1/1/2018 12:00:00 AM,,,,,,,,,,,,,,,,,,,,,,,,,,,,,,,,,,,,,,,,,,,,,,,,,,,,,,,,,,,,,,27492,31,1/1/2018 12:00:00 AM,1,2248,31,1/1/2018 12:00:00 AM,1,27866.666015625,31,1/1/2018 12:00:00 AM,1,10043,31,1/1/2018 12:00:00 AM,1,,,,,,,,,,,,,,,,,,,,,,,,,,,,,,,,,,,,,,,,,,,9/20/2017 10:47:28 PM,9/20/2017 10:47:28 PM,31,1,27492,2248,10043,27866.666015625,27492,2248,10043,27866.666015625,,,,,,,,,,,,,,,,,
33053074130000,69736304-67ba-4cdf-9b93-ff70205ad962,BAKKEN,12619,1087,12800.1669921875,0,31,1/1/2018 12:00:00 AM,1/1/2018 12:00:00 AM,,,,,,,,,,,,,,,,,,,,,,,,,,,,,,,,,,,,,,,,,,,,,,,,,,,,,,,,,,,,,,12619,31,1/1/2018 12:00:00 AM,1,1087,31,1/1/2018 12:00:00 AM,1,12800.1669921875,31,1/1/2018 12:00:00 AM,1,0,31,1/1/2018 12:00:00 AM,1,,,,,,,,,,,,,,,,,,,,,,,,,,,,,,,,,,,,,,,,,,,9/20/2017 10:52:55 PM,9/20/2017 10:52:55 PM,31,1,12619,1087,0,12800.1669921875,12619,1087,0,12800.1669921875,,,,,,,,,,,,,,,,,
3001543555,27c90a6b-cc67-4371-8879-21447f96a900,WOLFCAMP (GAS),10943,21834,14582,89342,31,1/1/2018 12:00:00 AM,1/1/2018 12:00:00 AM,1/18/2018 12:00:00 AM,,,,,,,,,,,,,,,,,,,,,,,,,,,,,,,,,,,,,,,,,,,,,,,,,,,,,,,,,,,,,10943,31,1/1/2018 12:00:00 AM,1,21834,31,1/1/2018 12:00:00 AM,1,14582,31,1/1/2018 12:00:00 AM,1,89342,31,1/1/2018 12:00:00 AM,1,,,,,,,,,,,,,,,,,,,,,,,,,,,,,,,,,,,,,,,,,,,11/17/2017 3:58:33 PM,11/17/2017 3:58:33 PM,31,1,10943,21834,89342,14582,10943,21834,89342,14582,,,,,,,,,,,,,,,,,
3002542837,0363c448-7a6e-4bee-b654-a6e23e1bc74e,WOLFCAMP (GAS),29573,50786,38037.33203125,81442,31,1/1/2018 12:00:00 AM,1/1/2018 12:00:00 AM,1/11/2018 12:00:00 AM,,,,,,,,,,,,,,,,,,,,,,,,,,,,,,,,,,,,,,,,,,,,,,,,,,,,,,,,,,,,,29573,31,1/1/2018 12:00:00 AM,1,50786,31,1/1/2018 12:00:00 AM,1,38037.33203125,31,1/1/2018 12:00:00 AM,1,81442,31,1/1/2018 12:00:00 AM,1,,,,,,,,,,,,,,,,,,,,,,,,,,,,,,,,,,,,,,,,,,,11/17/2017 6:24:48 PM,11/17/2017 6:24:48 PM,31,1,29573,50786,81442,38037.33203125,29573,50786,81442,38037.33203125,,,,,,,,,,,,,,,,,
3001543520,be57b523-0787-475f-a2b1-e7f8295dd875,GLORIETA-YESO,8112,11252,9987.3330078125,35554,31,1/1/2018 12:00:00 AM,1/1/2018 12:00:00 AM,12/27/2017 12:00:00 AM,,,,,,,,,,,,,,,,,,,,,,,,,,,,,,,,,,,,,,,,,,,,,,,,,,,,,,,,,,,,,8112,31,1/1/2018 12:00:00 AM,1,11252,31,1/1/2018 12:00:00 AM,1,9987.3330078125,31,1/1/2018 12:00:00 AM,1,35554,31,1/1/2018 12:00:00 AM,1,,,,,,,,,,,,,,,,,,,,,,,,,,,,,,,,,,,,,,,,,,,11/17/2017 7:54:09 PM,11/17/2017 7:54:09 PM,31,1,8112,11252,35554,9987.3330078125,8112,11252,35554,9987.3330078125,,,,,,,,,,,,,,,,,
4304754414,7f41de2f-5269-43e2-a647-13cb339af8f8,WASATCH,25,0,25,94,31,1/1/2018 12:00:00 AM,1/1/2018 12:00:00 AM,,,,,,,,,,,,,,,,,,,,,,,,,,,,,,,,,,,,,,,,,,,,,,,,,,,,,,,,,,,,,,25,31,1/1/2018 12:00:00 AM,1,0,31,1/1/2018 12:00:00 AM,1,25,31,1/1/2018 12:00:00 AM,1,94,31,1/1/2018 12:00:00 AM,1,,,,,,,,,,,,,,,,,,,,,,,,,,,,,,,,,,,,,,,,,,,9/29/2017 10:29:06 AM,9/29/2017 10:29:06 AM,31,1,25,0,94,25,25,0,94,25,,,,,,,,,,,,,,,,,
4304755380,67feb3cf-5c18-4a67-81ad-16c9165d23f3,CASTLE PEAK,15779,8325,17166.5,16471,31,1/1/2018 12:00:00 AM,1/1/2018 12:00:00 AM,,,,,,,,,,,,,,,,,,,,,,,,,,,,,,,,,,,,,,,,,,,,,,,,,,,,,,,,,,,,,,15779,31,1/1/2018 12:00:00 AM,1,8325,31,1/1/2018 12:00:00 AM,1,17166.5,31,1/1/2018 12:00:00 AM,1,16471,31,1/1/2018 12:00:00 AM,1,,,,,,,,,,,,,,,,,,,,,,,,,,,,,,,,,,,,,,,,,,,9/29/2017 12:26:21 PM,9/29/2017 12:26:21 PM,31,1,15779,8325,16471,17166.5,15779,8325,16471,17166.5,,,,,,,,,,,,,,,,,
4301353001,d22fcfc2-c747-4e6d-a813-64a72a97b12d,UTELAND BUTTE,38043,28313,42761.83203125,81922,31,1/1/2018 12:00:00 AM,1/1/2018 12:00:00 AM,,,,,,,,,,,,,,,,,,,,,,,,,,,,,,,,,,,,,,,,,,,,,,,,,,,,,,,,,,,,,,38043,31,1/1/2018 12:00:00 AM,1,28313,31,1/1/2018 12:00:00 AM,1,42761.83203125,31,1/1/2018 12:00:00 AM,1,81922,31,1/1/2018 12:00:00 AM,1,,,,,,,,,,,,,,,,,,,,,,,,,,,,,,,,,,,,,,,,,,,9/29/2017 12:37:09 PM,9/29/2017 12:37:09 PM,31,1,38043,28313,81922,42761.83203125,38043,28313,81922,42761.83203125,,,,,,,,,,,,,,,,,
4301352981,e3121a8c-2873-4766-96e8-788341548dc3,UTELAND BUTTE,10456,8564,11883.3330078125,26706,31,1/1/2018 12:00:00 AM,1/1/2018 12:00:00 AM,,,,,,,,,,,,,,,,,,,,,,,,,,,,,,,,,,,,,,,,,,,,,,,,,,,,,,,,,,,,,,10456,31,1/1/2018 12:00:00 AM,1,8564,31,1/1/2018 12:00:00 AM,1,11883.3330078125,31,1/1/2018 12:00:00 AM,1,26706,31,1/1/2018 12:00:00 AM,1,,,,,,,,,,,,,,,,,,,,,,,,,,,,,,,,,,,,,,,,,,,9/29/2017 11:07:29 AM,9/29/2017 11:07:29 AM,31,1,10456,8564,26706,11883.3330078125,10456,8564,26706,11883.3330078125,,,,,,,,,,,,,,,,,
4304754037,d17fd455-dce3-42f9-987c-99ace4789b35,CASTLE PEAK,11883,1276,12095.6669921875,35299,31,1/1/2018 12:00:00 AM,1/1/2018 12:00:00 AM,,,,,,,,,,,,,,,,,,,,,,,,,,,,,,,,,,,,,,,,,,,,,,,,,,,,,,,,,,,,,,11883,31,1/1/2018 12:00:00 AM,1,1276,31,1/1/2018 12:00:00 AM,1,12095.6669921875,31,1/1/2018 12:00:00 AM,1,35299,31,1/1/2018 12:00:00 AM,1,,,,,,,,,,,,,,,,,,,,,,,,,,,,,,,,,,,,,,,,,,,9/29/2017 12:23:42 PM,9/29/2017 12:23:42 PM,31,1,11883,1276,35299,12095.6669921875,11883,1276,35299,12095.6669921875,,,,,,,,,,,,,,,,,
4304753939,52d0444b-7635-4fe5-b18b-a2c99c7d1ab6,BLACK SHALE,375,0,375,609,31,1/1/2018 12:00:00 AM,1/1/2018 12:00:00 AM,,,,,,,,,,,,,,,,,,,,,,,,,,,,,,,,,,,,,,,,,,,,,,,,,,,,,,,,,,,,,,375,31,1/1/2018 12:00:00 AM,1,0,31,1/1/2018 12:00:00 AM,1,375,31,1/1/2018 12:00:00 AM,1,609,31,1/1/2018 12:00:00 AM,1,,,,,,,,,,,,,,,,,,,,,,,,,,,,,,,,,,,,,,,,,,,9/29/2017 12:24:23 PM,9/29/2017 12:24:23 PM,31,1,375,0,609,375,375,0,609,375,,,,,,,,,,,,,,,,,
4301352843,17b8fc03-9ccb-4d2f-b392-aadb9fc94ab2,WASATCH,4788,4858,5597.66650390625,2942,31,1/1/2018 12:00:00 AM,1/1/2018 12:00:00 AM,,,,,,,,,,,,,,,,,,,,,,,,,,,,,,,,,,,,,,,,,,,,,,,,,,,,,,,,,,,,,,4788,31,1/1/2018 12:00:00 AM,1,4858,31,1/1/2018 12:00:00 AM,1,5597.66650390625,31,1/1/2018 12:00:00 AM,1,2942,31,1/1/2018 12:00:00 AM,1,,,,,,,,,,,,,,,,,,,,,,,,,,,,,,,,,,,,,,,,,,,9/29/2017 12:39:56 PM,9/29/2017 12:39:56 PM,31,1,4788,4858,2942,5597.66650390625,4788,4858,2942,5597.66650390625,,,,,,,,,,,,,,,,,
4304754038,56bd1da6-e7b7-45d9-a701-d0d76b18154b,CASTLE PEAK,10952,5323,11839.1669921875,28955,31,1/1/2018 12:00:00 AM,1/1/2018 12:00:00 AM,,,,,,,,,,,,,,,,,,,,,,,,,,,,,,,,,,,,,,,,,,,,,,,,,,,,,,,,,,,,,,10952,31,1/1/2018 12:00:00 AM,1,5323,31,1/1/2018 12:00:00 AM,1,11839.1669921875,31,1/1/2018 12:00:00 AM,1,28955,31,1/1/2018 12:00:00 AM,1,,,,,,,,,,,,,,,,,,,,,,,,,,,,,,,,,,,,,,,,,,,9/29/2017 12:23:54 PM,9/29/2017 12:23:54 PM,31,1,10952,5323,28955,11839.1669921875,10952,5323,28955,11839.1669921875,,,,,,,,,,,,,,,,,
4304755121,83680e3f-b140-4d0c-a982-d1a614edc307,WASATCH,18424,10874,20236.333984375,16941,31,1/1/2018 12:00:00 AM,1/1/2018 12:00:00 AM,,,,,,,,,,,,,,,,,,,,,,,,,,,,,,,,,,,,,,,,,,,,,,,,,,,,,,,,,,,,,,18424,31,1/1/2018 12:00:00 AM,1,10874,31,1/1/2018 12:00:00 AM,1,20236.333984375,31,1/1/2018 12:00:00 AM,1,16941,31,1/1/2018 12:00:00 AM,1,,,,,,,,,,,,,,,,,,,,,,,,,,,,,,,,,,,,,,,,,,,9/29/2017 12:25:19 PM,9/29/2017 12:25:19 PM,31,1,18424,10874,16941,20236.333984375,18424,10874,16941,20236.333984375,,,,,,,,,,,,,,,,,
4301353000,5055534e-2e1f-4027-8b5b-ffc0b8830915,UTELAND BUTTE,22847,16110,25532,33261,31,1/1/2018 12:00:00 AM,1/1/2018 12:00:00 AM,,,,,,,,,,,,,,,,,,,,,,,,,,,,,,,,,,,,,,,,,,,,,,,,,,,,,,,,,,,,,,22847,31,1/1/2018 12:00:00 AM,1,16110,31,1/1/2018 12:00:00 AM,1,25532,31,1/1/2018 12:00:00 AM,1,33261,31,1/1/2018 12:00:00 AM,1,,,,,,,,,,,,,,,,,,,,,,,,,,,,,,,,,,,,,,,,,,,9/29/2017 9:09:53 AM,9/29/2017 9:09:53 AM,31,1,22847,16110,33261,25532,22847,16110,33261,25532,,,,,,,,,,,,,,,,,
05083066010100,9f962611-e3cf-4be0-b506-02a1213275fc,LDVLL,0,821059,136843.171875,0,31,1/1/2018 12:00:00 AM,1/1/2018 12:00:00 AM,5/6/2004 12:00:00 AM,,,,,,,,,,,,,,,,,,,,,,,,,,,,,,,,,,,,,,,,,,,,,,,,,,,,,,,,,,,,,0,31,1/1/2018 12:00:00 AM,1,821059,31,1/1/2018 12:00:00 AM,1,136843.171875,31,1/1/2018 12:00:00 AM,1,0,31,1/1/2018 12:00:00 AM,1,,,,,,,,,,,,,,,,,,,,,,,,,,,,,,,,,,,,,,,,,,,11/18/2017 8:48:37 AM,11/18/2017 8:48:37 AM,31,1,0,821059,0,136843.171875,0,821059,0,136843.171875,,,,,,,,,,,,,,,,,
05083064380100,982bd314-9d10-42f9-854e-ea0eede7f8cd,LDVLL,0,27795,4632.5,0,31,1/1/2018 12:00:00 AM,1/1/2018 12:00:00 AM,10/23/2010 12:00:00 AM,,,,,,,,,,,,,,,,,,,,,,,,,,,,,,,,,,,,,,,,,,,,,,,,,,,,,,,,,,,,,0,31,1/1/2018 12:00:00 AM,1,27795,31,1/1/2018 12:00:00 AM,1,4632.5,31,1/1/2018 12:00:00 AM,1,0,31,1/1/2018 12:00:00 AM,1,,,,,,,,,,,,,,,,,,,,,,,,,,,,,,,,,,,,,,,,,,,11/18/2017 8:49:28 AM,11/18/2017 8:49:28 AM,31,1,0,27795,0,4632.5,0,27795,0,4632.5,,,,,,,,,,,,,,,,,
05083063800100,bcb3a84d-37fa-4d1b-8181-fa2a43b75eb8,LDVLL,0,479300,79883.3359375,0,31,1/1/2018 12:00:00 AM,1/1/2018 12:00:00 AM,12/6/2010 12:00:00 AM,,,,,,,,,,,,,,,,,,,,,,,,,,,,,,,,,,,,,,,,,,,,,,,,,,,,,,,,,,,,,0,31,1/1/2018 12:00:00 AM,1,479300,31,1/1/2018 12:00:00 AM,1,79883.3359375,31,1/1/2018 12:00:00 AM,1,0,31,1/1/2018 12:00:00 AM,1,,,,,,,,,,,,,,,,,,,,,,,,,,,,,,,,,,,,,,,,,,,11/18/2017 8:49:33 AM,11/18/2017 8:49:33 AM,31,1,0,479300,0,79883.3359375,0,479300,0,79883.3359375,,,,,,,,,,,,,,,,,
33025031410000,427c6de8-fb67-482c-a43e-13542bc00672,,,,,,,,,,,,,,,,,,,,,,,,,,,,,,,,,,,,,,,,,,,,,,,,,,,,,,,,,,,,,,,,,,,,,,,,,,,,,,,,,,,,,,,,,,,,,,,,,,,,,,,,,,,,,,,,,,,,,,,,,,,,,,,,10/7/2017 8:14:09 AM,10/7/2017 8:14:09 AM,,,,,,,,,,,,,,,,,,,,,,,,,,,
33025031390000,68f52234-5221-415c-b142-b041a4d9d9d4,,,,,,,,,,,,,,,,,,,,,,,,,,,,,,,,,,,,,,,,,,,,,,,,,,,,,,,,,,,,,,,,,,,,,,,,,,,,,,,,,,,,,,,,,,,,,,,,,,,,,,,,,,,,,,,,,,,,,,,,,,,,,,,,10/7/2017 8:12:20 AM,10/7/2017 8:12:20 AM,,,,,,,,,,,,,,,,,,,,,,,,,,,
33025031400000,218ca53e-41ac-4333-8b5b-e1cc0fd2bd2e,,,,,,,,,,,,,,,,,,,,,,,,,,,,,,,,,,,,,,,,,,,,,,,,,,,,,,,,,,,,,,,,,,,,,,,,,,,,,,,,,,,,,,,,,,,,,,,,,,,,,,,,,,,,,,,,,,,,,,,,,,,,,,,,10/7/2017 8:13:49 AM,10/7/2017 8:13:49 AM,,,,,,,,,,,,,,,,,,,,,,,,,,,
3001543690,20c3956f-4712-48e1-a0b6-24194bc93e29,WOLFCAMP (GAS),4647,16223,7350.83349609375,80287,31,1/1/2018 12:00:00 AM,1/1/2018 12:00:00 AM,,,,,,,,,,,,,,,,,,,,,,,,,,,,,,,,,,,,,,,,,,,,,,,,,,,,,,,,,,,,,,4647,31,1/1/2018 12:00:00 AM,1,16223,31,1/1/2018 12:00:00 AM,1,7350.83349609375,31,1/1/2018 12:00:00 AM,1,80287,31,1/1/2018 12:00:00 AM,1,,,,,,,,,,,,,,,,,,,,,,,,,,,,,,,,,,,,,,,,,,,11/17/2017 7:45:04 PM,11/17/2017 7:45:04 PM,31,1,4647,16223,80287,7350.83349609375,4647,16223,80287,7350.83349609375,,,,,,,,,,,,,,,,,
3001543687,40238563-c89d-434b-bbbf-29cee824ede8,WOLFCAMP (GAS),5252,12289,7300.16650390625,78888,31,1/1/2018 12:00:00 AM,1/1/2018 12:00:00 AM,,,,,,,,,,,,,,,,,,,,,,,,,,,,,,,,,,,,,,,,,,,,,,,,,,,,,,,,,,,,,,5252,31,1/1/2018 12:00:00 AM,1,12289,31,1/1/2018 12:00:00 AM,1,7300.16650390625,31,1/1/2018 12:00:00 AM,1,78888,31,1/1/2018 12:00:00 AM,1,,,,,,,,,,,,,,,,,,,,,,,,,,,,,,,,,,,,,,,,,,,9/19/2017 4:59:12 PM,9/19/2017 4:59:12 PM,31,1,5252,12289,78888,7300.16650390625,5252,12289,78888,7300.16650390625,,,,,,,,,,,,,,,,,
3002543184,ab3bb222-0d05-47d0-854d-5fd5b153fb34,BONE SPRING,1032,5537,1954.83337402344,12395,31,1/1/2018 12:00:00 AM,1/1/2018 12:00:00 AM,2/13/2018 12:00:00 AM,,,,,,,,,,,,,,,,,,,,,,,,,,,,,,,,,,,,,,,,,,,,,,,,,,,,,,,,,,,,,1032,31,1/1/2018 12:00:00 AM,1,5537,31,1/1/2018 12:00:00 AM,1,1954.83337402344,31,1/1/2018 12:00:00 AM,1,12395,31,1/1/2018 12:00:00 AM,1,,,,,,,,,,,,,,,,,,,,,,,,,,,,,,,,,,,,,,,,,,,10/31/2017 11:23:51 AM,10/31/2017 11:23:51 AM,31,1,1032,5537,12395,1954.83337402344,1032,5537,12395,1954.83337402344,,,,,,,,,,,,,,,,,
3002543186,23e96e71-7737-487c-a191-6f54124b0672,UPR BONE SPRIN,189,742,312.666656494141,6976,31,1/1/2018 12:00:00 AM,1/1/2018 12:00:00 AM,2/11/2018 12:00:00 AM,,,,,,,,,,,,,,,,,,,,,,,,,,,,,,,,,,,,,,,,,,,,,,,,,,,,,,,,,,,,,189,31,1/1/2018 12:00:00 AM,1,742,31,1/1/2018 12:00:00 AM,1,312.666656494141,31,1/1/2018 12:00:00 AM,1,6976,31,1/1/2018 12:00:00 AM,1,,,,,,,,,,,,,,,,,,,,,,,,,,,,,,,,,,,,,,,,,,,10/31/2017 11:23:48 AM,10/31/2017 11:23:48 AM,31,1,189,742,6976,312.666656494141,189,742,6976,312.666656494141,,,,,,,,,,,,,,,,,
3002543230,c2d7a8fc-d7f4-4f09-8bb6-da096c6db339,"BONE SPRING, EAST",895,1805,1195.83337402344,14890,31,1/1/2018 12:00:00 AM,1/1/2018 12:00:00 AM,,,,,,,,,,,,,,,,,,,,,,,,,,,,,,,,,,,,,,,,,,,,,,,,,,,,,,,,,,,,,,895,31,1/1/2018 12:00:00 AM,1,1805,31,1/1/2018 12:00:00 AM,1,1195.83337402344,31,1/1/2018 12:00:00 AM,1,14890,31,1/1/2018 12:00:00 AM,1,,,,,,,,,,,,,,,,,,,,,,,,,,,,,,,,,,,,,,,,,,,11/17/2017 11:20:14 PM,11/17/2017 11:20:14 PM,31,1,895,1805,14890,1195.83337402344,895,1805,14890,1195.83337402344,,,,,,,,,,,,,,,,,
3002543252,86e025f7-e72e-41ba-89f7-398c498f6ebf,"BONE SPRING, EAST",656,64,666.666687011719,2700,31,1/1/2018 12:00:00 AM,1/1/2018 12:00:00 AM,2/17/2018 12:00:00 AM,,,,,,,,,,,,,,,,,,,,,,,,,,,,,,,,,,,,,,,,,,,,,,,,,,,,,,,,,,,,,656,31,1/1/2018 12:00:00 AM,1,64,31,1/1/2018 12:00:00 AM,1,666.666687011719,31,1/1/2018 12:00:00 AM,1,2700,31,1/1/2018 12:00:00 AM,1,,,,,,,,,,,,,,,,,,,,,,,,,,,,,,,,,,,,,,,,,,,11/17/2017 11:20:46 PM,11/17/2017 11:20:46 PM,31,1,656,64,2700,666.666687011719,656,64,2700,666.666687011719,,,,,,,,,,,,,,,,,
3001543784,d4e8d5a5-e9bd-4ddd-b988-ce549128a5c4,"BONE SPRING, EAST",2106,2089,2454.16674804688,13129,31,1/1/2018 12:00:00 AM,1/1/2018 12:00:00 AM,1/31/2018 12:00:00 AM,,,,,,,,,,,,,,,,,,,,,,,,,,,,,,,,,,,,,,,,,,,,,,,,,,,,,,,,,,,,,2106,31,1/1/2018 12:00:00 AM,1,2089,31,1/1/2018 12:00:00 AM,1,2454.16674804688,31,1/1/2018 12:00:00 AM,1,13129,31,1/1/2018 12:00:00 AM,1,,,,,,,,,,,,,,,,,,,,,,,,,,,,,,,,,,,,,,,,,,,11/14/2017 9:19:39 PM,11/14/2017 9:19:39 PM,31,1,2106,2089,13129,2454.16674804688,2106,2089,13129,2454.16674804688,,,,,,,,,,,,,,,,,
05123432170000,17e82fcf-8b04-475f-81b8-06469fed67cd,N-COM,0,0,0,405,31,1/1/2018 12:00:00 AM,1/1/2018 12:00:00 AM,,,,,,,,,,,,,,,,,,,,,,,,,,,,,,,,,,,,,,,,,,,,,,,,,,,,,,,,,,,,,,0,31,1/1/2018 12:00:00 AM,1,0,31,1/1/2018 12:00:00 AM,1,0,31,1/1/2018 12:00:00 AM,1,405,31,1/1/2018 12:00:00 AM,1,,,,,,,,,,,,,,,,,,,,,,,,,,,,,,,,,,,,,,,,,,,9/26/2017 9:20:22 PM,9/26/2017 9:20:22 PM,31,1,0,0,405,0,0,0,405,0,,,,,,,,,,,,,,,,,
33053076330000,2f6c3a6d-ee17-4d2c-93f0-04147946aeb6,BAKKEN,4313,0,4313,7463,31,1/1/2018 12:00:00 AM,1/1/2018 12:00:00 AM,,,,,,,,,,,,,,,,,,,,,,,,,,,,,,,,,,,,,,,,,,,,,,,,,,,,,,,,,,,,,,4313,31,1/1/2018 12:00:00 AM,1,0,31,1/1/2018 12:00:00 AM,1,4313,31,1/1/2018 12:00:00 AM,1,7463,31,1/1/2018 12:00:00 AM,1,,,,,,,,,,,,,,,,,,,,,,,,,,,,,,,,,,,,,,,,,,,9/20/2017 10:38:15 PM,9/20/2017 10:38:15 PM,31,1,4313,0,7463,4313,4313,0,7463,4313,,,,,,,,,,,,,,,,,
33053076320000,aba2559c-7c04-4d4d-8dbb-f4a44cae559f,BAKKEN,8623,8375,10018.8330078125,10801,31,1/1/2018 12:00:00 AM,1/1/2018 12:00:00 AM,,,,,,,,,,,,,,,,,,,,,,,,,,,,,,,,,,,,,,,,,,,,,,,,,,,,,,,,,,,,,,8623,31,1/1/2018 12:00:00 AM,1,8375,31,1/1/2018 12:00:00 AM,1,10018.8330078125,31,1/1/2018 12:00:00 AM,1,10801,31,1/1/2018 12:00:00 AM,1,,,,,,,,,,,,,,,,,,,,,,,,,,,,,,,,,,,,,,,,,,,9/20/2017 10:38:53 PM,9/20/2017 10:38:53 PM,31,1,8623,8375,10801,10018.8330078125,8623,8375,10801,10018.8330078125,,,,,,,,,,,,,,,,,
3002543250,f6bd0987-635d-42be-ad38-4b476a6eeb9b,"BONE SPRING, EAST",1273,87,1287.5,819,31,1/1/2018 12:00:00 AM,1/1/2018 12:00:00 AM,2/4/2018 12:00:00 AM,,,,,,,,,,,,,,,,,,,,,,,,,,,,,,,,,,,,,,,,,,,,,,,,,,,,,,,,,,,,,1273,31,1/1/2018 12:00:00 AM,1,87,31,1/1/2018 12:00:00 AM,1,1287.5,31,1/1/2018 12:00:00 AM,1,819,31,1/1/2018 12:00:00 AM,1,,,,,,,,,,,,,,,,,,,,,,,,,,,,,,,,,,,,,,,,,,,11/18/2017 12:32:43 AM,11/18/2017 12:32:43 AM,31,1,1273,87,819,1287.5,1273,87,819,1287.5,,,,,,,,,,,,,,,,,
3002543370,85e61139-d3ad-44f1-938d-4c0501cc550e,"YESO, WEST",117,135,139.5,31,31,1/1/2018 12:00:00 AM,1/1/2018 12:00:00 AM,11/9/2017 12:00:00 AM,,,,,,,,,,,,,,,,,,,,,,,,,,,,,,,,,,,,,,,,,,,,,,,,,,,,,,,,,,,,,117,31,1/1/2018 12:00:00 AM,1,135,31,1/1/2018 12:00:00 AM,1,139.5,31,1/1/2018 12:00:00 AM,1,31,31,1/1/2018 12:00:00 AM,1,,,,,,,,,,,,,,,,,,,,,,,,,,,,,,,,,,,,,,,,,,,11/17/2017 6:24:24 PM,11/17/2017 6:24:24 PM,31,1,117,135,31,139.5,117,135,31,139.5,,,,,,,,,,,,,,,,,
3001543869,34e06e8e-a7f2-45dd-8e7b-9feb18011fe8,WOLFCAMP (GAS),8860,20110,12211.6669921875,24655,31,1/1/2018 12:00:00 AM,1/1/2018 12:00:00 AM,10/28/2017 12:00:00 AM,,,,,,,,,,,,,,,,,,,,,,,,,,,,,,,,,,,,,,,,,,,,,,,,,,,,,,,,,,,,,8860,31,1/1/2018 12:00:00 AM,1,20110,31,1/1/2018 12:00:00 AM,1,12211.6669921875,31,1/1/2018 12:00:00 AM,1,24655,31,1/1/2018 12:00:00 AM,1,,,,,,,,,,,,,,,,,,,,,,,,,,,,,,,,,,,,,,,,,,,11/17/2017 6:01:30 PM,11/17/2017 6:01:30 PM,31,1,8860,20110,24655,12211.6669921875,8860,20110,24655,12211.6669921875,,,,,,,,,,,,,,,,,
05045232950000,52a1009b-73e7-4c33-896b-6f048ce53f8f,WFCM,125,32467,5536.16650390625,1661,31,1/1/2018 12:00:00 AM,1/1/2018 12:00:00 AM,,,,,,,,,,,,,,,,,,,,,,,,,,,,,,,,,,,,,,,,,,,,,,,,,,,,,,,,,,,,,,125,31,1/1/2018 12:00:00 AM,1,32467,31,1/1/2018 12:00:00 AM,1,5536.16650390625,31,1/1/2018 12:00:00 AM,1,1661,31,1/1/2018 12:00:00 AM,1,,,,,,,,,,,,,,,,,,,,,,,,,,,,,,,,,,,,,,,,,,,9/26/2017 8:23:14 PM,9/26/2017 8:23:14 PM,31,1,125,32467,1661,5536.16650390625,125,32467,1661,5536.16650390625,,,,,,,,,,,,,,,,,
05045233200000,c2020424-90fe-4e36-a107-c1f7be28ac28,WFCM,0,7527,1254.5,0,31,1/1/2018 12:00:00 AM,1/1/2018 12:00:00 AM,,,,,,,,,,,,,,,,,,,,,,,,,,,,,,,,,,,,,,,,,,,,,,,,,,,,,,,,,,,,,,0,31,1/1/2018 12:00:00 AM,1,7527,31,1/1/2018 12:00:00 AM,1,1254.5,31,1/1/2018 12:00:00 AM,1,0,31,1/1/2018 12:00:00 AM,1,,,,,,,,,,,,,,,,,,,,,,,,,,,,,,,,,,,,,,,,,,,9/26/2017 8:23:08 PM,9/26/2017 8:23:08 PM,31,1,0,7527,0,1254.5,0,7527,0,1254.5,,,,,,,,,,,,,,,,,
05045233270000,c96c2239-e0fa-4e4f-bd51-fe72a16f105b,WFCM,0,62319,10386.5,0,31,1/1/2018 12:00:00 AM,1/1/2018 12:00:00 AM,,,,,,,,,,,,,,,,,,,,,,,,,,,,,,,,,,,,,,,,,,,,,,,,,,,,,,,,,,,,,,0,31,1/1/2018 12:00:00 AM,1,62319,31,1/1/2018 12:00:00 AM,1,10386.5,31,1/1/2018 12:00:00 AM,1,0,31,1/1/2018 12:00:00 AM,1,,,,,,,,,,,,,,,,,,,,,,,,,,,,,,,,,,,,,,,,,,,9/26/2017 8:22:58 PM,9/26/2017 8:22:58 PM,31,1,0,62319,0,10386.5,0,62319,0,10386.5,,,,,,,,,,,,,,,,,
33053077570000,5cc7d2cb-d1aa-455a-821e-0bada07d6578,BAKKEN,51,235,90.1666641235352,2,31,1/1/2018 12:00:00 AM,1/1/2018 12:00:00 AM,,,,,,,,,,,,,,,,,,,,,,,,,,,,,,,,,,,,,,,,,,,,,,,,,,,,,,,,,,,,,,51,31,1/1/2018 12:00:00 AM,1,235,31,1/1/2018 12:00:00 AM,1,90.1666641235352,31,1/1/2018 12:00:00 AM,1,2,31,1/1/2018 12:00:00 AM,1,,,,,,,,,,,,,,,,,,,,,,,,,,,,,,,,,,,,,,,,,,,11/18/2017 8:17:32 AM,11/18/2017 8:17:32 AM,31,1,51,235,2,90.1666641235352,51,235,2,90.1666641235352,,,,,,,,,,,,,,,,,
33025032340000,0867313d-7728-47cb-928d-6487c8fb7443,BAKKEN,29211,23277,33090.5009765625,41092,59,1/1/2018 12:00:00 AM,2/1/2018 12:00:00 AM,,,,,,,,,,,,,,,,,,,,,,,,,,,,,,,,,,,,,,,,,,,,,,,,,,,,,,,,,,,,,,15732,31,1/1/2018 12:00:00 AM,1,12152,31,1/1/2018 12:00:00 AM,1,17757.333984375,31,1/1/2018 12:00:00 AM,1,21141,31,1/1/2018 12:00:00 AM,1,,,,,,,,,,,,,,,,,,,,,,,,,,,,,,,,,,,,,,,,,,,11/21/2017 6:13:22 AM,11/21/2017 6:13:22 AM,59,2,15732,12152,21141,17757.333984375,13479,11125,19951,15333.1669921875,,,,,29211,,14.3211289092296,23277,,8.45128373930217,33090.5009765625,,13.6516382150641,41092,,5.62887280639516,59
33053077560000,29d7ea21-5375-4e64-9513-6dec5b4e33d9,BAKKEN,135,178,164.66667175293,2,31,1/1/2018 12:00:00 AM,1/1/2018 12:00:00 AM,,,,,,,,,,,,,,,,,,,,,,,,,,,,,,,,,,,,,,,,,,,,,,,,,,,,,,,,,,,,,,135,31,1/1/2018 12:00:00 AM,1,178,31,1/1/2018 12:00:00 AM,1,164.66667175293,31,1/1/2018 12:00:00 AM,1,2,31,1/1/2018 12:00:00 AM,1,,,,,,,,,,,,,,,,,,,,,,,,,,,,,,,,,,,,,,,,,,,11/21/2017 6:22:34 AM,11/21/2017 6:22:34 AM,31,1,135,178,2,164.66667175293,135,178,2,164.66667175293,,,,,,,,,,,,,,,,,
33053078240000,da37f4c0-a630-422a-bcae-a3921b2154af,BAKKEN,2295,5315,3180.83325195313,7406,31,1/1/2018 12:00:00 AM,1/1/2018 12:00:00 AM,,,,,,,,,,,,,,,,,,,,,,,,,,,,,,,,,,,,,,,,,,,,,,,,,,,,,,,,,,,,,,2295,31,1/1/2018 12:00:00 AM,1,5315,31,1/1/2018 12:00:00 AM,1,3180.83325195313,31,1/1/2018 12:00:00 AM,1,7406,31,1/1/2018 12:00:00 AM,1,,,,,,,,,,,,,,,,,,,,,,,,,,,,,,,,,,,,,,,,,,,9/20/2017 10:37:17 PM,9/20/2017 10:37:17 PM,31,1,2295,5315,7406,3180.83325195313,2295,5315,7406,3180.83325195313,,,,,,,,,,,,,,,,,
33053077580000,58f00279-6d80-449f-afd0-a4cc46d81e83,BAKKEN,19295,30034,24300.6673126221,11482,59,1/1/2018 12:00:00 AM,2/1/2018 12:00:00 AM,,,,,,,,,,,,,,,,,,,,,,,,,,,,,,,,,,,,,,,,,,,,,,,,,,,,,,,,,,,,,,19122,28,2/1/2018 12:00:00 AM,2,29720,28,2/1/2018 12:00:00 AM,2,24075.333984375,28,2/1/2018 12:00:00 AM,2,11481,28,2/1/2018 12:00:00 AM,2,,,,,,,,,,,,,,,,,,,,,,,,,,,,,,,,,,,,,,,,,,,11/18/2017 8:18:07 AM,11/18/2017 8:18:07 AM,59,2,173,314,1,225.33332824707,19122,29720,11481,24075.333984375,,,,,19295,,99.0952829201966,30034,,98.9434724091521,24300.6673126221,,99.0640490038755,11482,,99.9912899573208,59
33053078230000,2a5e5a33-dd4d-49f0-b41e-db043b07f4d2,BAKKEN,822,1758,1115,3634,31,1/1/2018 12:00:00 AM,1/1/2018 12:00:00 AM,,,,,,,,,,,,,,,,,,,,,,,,,,,,,,,,,,,,,,,,,,,,,,,,,,,,,,,,,,,,,,822,31,1/1/2018 12:00:00 AM,1,1758,31,1/1/2018 12:00:00 AM,1,1115,31,1/1/2018 12:00:00 AM,1,3634,31,1/1/2018 12:00:00 AM,1,,,,,,,,,,,,,,,,,,,,,,,,,,,,,,,,,,,,,,,,,,,9/20/2017 10:51:50 PM,9/20/2017 10:51:50 PM,31,1,822,1758,3634,1115,822,1758,3634,1115,,,,,,,,,,,,,,,,,
33053077590000,a0a730a5-fe7d-48f4-85f3-e45003152eba,BAKKEN,21417,32283,26797.5,12689,59,1/1/2018 12:00:00 AM,2/1/2018 12:00:00 AM,,,,,,,,,,,,,,,,,,,,,,,,,,,,,,,,,,,,,,,,,,,,,,,,,,,,,,,,,,,,,,21047,28,2/1/2018 12:00:00 AM,2,32283,28,2/1/2018 12:00:00 AM,2,26427.5,28,2/1/2018 12:00:00 AM,2,12689,28,2/1/2018 12:00:00 AM,2,,,,,,,,,,,,,,,,,,,,,,,,,,,,,,,,,,,,,,,,,,,10/7/2017 8:17:09 AM,10/7/2017 8:17:09 AM,59,2,370,0,0,370,21047,32283,12689,26427.5,,,,,21417,,98.2420297429562,32283,,100,26797.5,,98.5999432409422,12689,,100,59
33053077550000,1903d385-7e06-409a-98f4-efbfcae88863,BAKKEN,20008,30269,25052.8326873779,12117,59,1/1/2018 12:00:00 AM,2/1/2018 12:00:00 AM,,,,,,,,,,,,,,,,,,,,,,,,,,,,,,,,,,,,,,,,,,,,,,,,,,,,,,,,,,,,,,19916,28,2/1/2018 12:00:00 AM,2,30028,28,2/1/2018 12:00:00 AM,2,24920.666015625,28,2/1/2018 12:00:00 AM,2,12116,28,2/1/2018 12:00:00 AM,2,,,,,,,,,,,,,,,,,,,,,,,,,,,,,,,,,,,,,,,,,,,11/21/2017 6:22:34 AM,11/21/2017 6:22:34 AM,59,2,92,241,1,132.16667175293,19916,30028,12116,24920.666015625,,,,,20008,,99.5380598513758,30269,,99.1974157453044,25052.8326873779,,99.4696503228683,12117,,99.9917464509739,59
05045234290000,0e7c3943-1b4c-400b-8983-07004156ab6c,WFCM,155,40136,6844.33349609375,2054,31,1/1/2018 12:00:00 AM,1/1/2018 12:00:00 AM,,,,,,,,,,,,,,,,,,,,,,,,,,,,,,,,,,,,,,,,,,,,,,,,,,,,,,,,,,,,,,155,31,1/1/2018 12:00:00 AM,1,40136,31,1/1/2018 12:00:00 AM,1,6844.33349609375,31,1/1/2018 12:00:00 AM,1,2054,31,1/1/2018 12:00:00 AM,1,,,,,,,,,,,,,,,,,,,,,,,,,,,,,,,,,,,,,,,,,,,9/26/2017 8:22:55 PM,9/26/2017 8:22:55 PM,31,1,155,40136,2054,6844.33349609375,155,40136,2054,6844.33349609375,,,,,,,,,,,,,,,,,
3001543999,703b4f78-af7e-40f0-a0e3-6fb9dd2205a0,GLORIETA-YESO,10702,7907,12019.8330078125,25179,31,1/1/2018 12:00:00 AM,1/1/2018 12:00:00 AM,1/16/2018 12:00:00 AM,,,,,,,,,,,,,,,,,,,,,,,,,,,,,,,,,,,,,,,,,,,,,,,,,,,,,,,,,,,,,10702,31,1/1/2018 12:00:00 AM,1,7907,31,1/1/2018 12:00:00 AM,1,12019.8330078125,31,1/1/2018 12:00:00 AM,1,25179,31,1/1/2018 12:00:00 AM,1,,,,,,,,,,,,,,,,,,,,,,,,,,,,,,,,,,,,,,,,,,,10/24/2017 9:17:36 AM,10/24/2017 9:17:36 AM,31,1,10702,7907,25179,12019.8330078125,10702,7907,25179,12019.8330078125,,,,,,,,,,,,,,,,,
35107235850000,e64a5190-0de7-4715-b928-11a60007cd07,GILCREASE,0,1174,195.66667175293,0,31,1/1/2018 12:00:00 AM,1/1/2018 12:00:00 AM,6/27/2017 12:00:00 AM,,,,,,,,,,,,,,,,,,,,,,,,,,,,,,,,,,,,,,,,,,,,,,,,,,,,,,,,,,,,,0,31,1/1/2018 12:00:00 AM,1,1174,31,1/1/2018 12:00:00 AM,1,195.66667175293,31,1/1/2018 12:00:00 AM,1,0,31,1/1/2018 12:00:00 AM,1,,,,,,,,,,,,,,,,,,,,,,,,,,,,,,,,,,,,,,,,,,,11/21/2017 11:26:04 PM,11/21/2017 11:26:04 PM,31,1,0,1174,0,195.66667175293,0,1174,0,195.66667175293,,,,,,,,,,,,,,,,,
3002543577,85c07af8-ce1d-4952-931b-cf9f4c1b2394,WOLFCAMP (GAS),40734,69132,52256,94895,31,1/1/2018 12:00:00 AM,1/1/2018 12:00:00 AM,1/10/2018 12:00:00 AM,,,,,,,,,,,,,,,,,,,,,,,,,,,,,,,,,,,,,,,,,,,,,,,,,,,,,,,,,,,,,40734,31,1/1/2018 12:00:00 AM,1,69132,31,1/1/2018 12:00:00 AM,1,52256,31,1/1/2018 12:00:00 AM,1,94895,31,1/1/2018 12:00:00 AM,1,,,,,,,,,,,,,,,,,,,,,,,,,,,,,,,,,,,,,,,,,,,11/18/2017 12:47:34 AM,11/18/2017 12:47:34 AM,31,1,40734,69132,94895,52256,40734,69132,94895,52256,,,,,,,,,,,,,,,,,
33053079480000,53de12b7-5309-419f-b839-9d0f356e57d0,BAKKEN,22853,34284,28567,13171,59,1/1/2018 12:00:00 AM,2/1/2018 12:00:00 AM,,,,,,,,,,,,,,,,,,,,,,,,,,,,,,,,,,,,,,,,,,,,,,,,,,,,,,,,,,,,,,21097,28,2/1/2018 12:00:00 AM,2,32553,28,2/1/2018 12:00:00 AM,2,26522.5,28,2/1/2018 12:00:00 AM,2,13166,28,2/1/2018 12:00:00 AM,2,,,,,,,,,,,,,,,,,,,,,,,,,,,,,,,,,,,,,,,,,,,10/7/2017 8:18:12 AM,10/7/2017 8:18:12 AM,59,2,1756,1731,5,2044.5,21097,32553,13166,26522.5,,,,,22853,,91.6765416883917,34284,,94.6825177403004,28567,,92.2914506551042,13171,,99.9620233935895,59
05045234520000,60a4dd23-f10f-4a84-9d35-15da78c65042,WFCM,16,11490,1931,588,31,1/1/2018 12:00:00 AM,1/1/2018 12:00:00 AM,,,,,,,,,,,,,,,,,,,,,,,,,,,,,,,,,,,,,,,,,,,,,,,,,,,,,,,,,,,,,,16,31,1/1/2018 12:00:00 AM,1,11490,31,1/1/2018 12:00:00 AM,1,1931,31,1/1/2018 12:00:00 AM,1,588,31,1/1/2018 12:00:00 AM,1,,,,,,,,,,,,,,,,,,,,,,,,,,,,,,,,,,,,,,,,,,,9/20/2017 11:12:34 PM,9/20/2017 11:12:34 PM,31,1,16,11490,588,1931,16,11490,588,1931,,,,,,,,,,,,,,,,,
05045234490000,b67fbad7-43b8-416f-92a0-b6de1c7ece96,WFCM,16,11498,1932.33337402344,588,31,1/1/2018 12:00:00 AM,1/1/2018 12:00:00 AM,,,,,,,,,,,,,,,,,,,,,,,,,,,,,,,,,,,,,,,,,,,,,,,,,,,,,,,,,,,,,,16,31,1/1/2018 12:00:00 AM,1,11498,31,1/1/2018 12:00:00 AM,1,1932.33337402344,31,1/1/2018 12:00:00 AM,1,588,31,1/1/2018 12:00:00 AM,1,,,,,,,,,,,,,,,,,,,,,,,,,,,,,,,,,,,,,,,,,,,9/20/2017 11:12:35 PM,9/20/2017 11:12:35 PM,31,1,16,11498,588,1932.33337402344,16,11498,588,1932.33337402344,,,,,,,,,,,,,,,,,
05045234480000,82985971-8ecd-414d-9662-c97f4f62cf8f,WFCM,26,18771,3154.5,960,31,1/1/2018 12:00:00 AM,1/1/2018 12:00:00 AM,,,,,,,,,,,,,,,,,,,,,,,,,,,,,,,,,,,,,,,,,,,,,,,,,,,,,,,,,,,,,,26,31,1/1/2018 12:00:00 AM,1,18771,31,1/1/2018 12:00:00 AM,1,3154.5,31,1/1/2018 12:00:00 AM,1,960,31,1/1/2018 12:00:00 AM,1,,,,,,,,,,,,,,,,,,,,,,,,,,,,,,,,,,,,,,,,,,,9/20/2017 11:12:36 PM,9/20/2017 11:12:36 PM,31,1,26,18771,960,3154.5,26,18771,960,3154.5,,,,,,,,,,,,,,,,,
05045234810000,c1bab69d-0505-4b81-800b-71fbdf31d32a,WFCM,0,3440,573.333312988281,0,31,1/1/2018 12:00:00 AM,1/1/2018 12:00:00 AM,,,,,,,,,,,,,,,,,,,,,,,,,,,,,,,,,,,,,,,,,,,,,,,,,,,,,,,,,,,,,,0,31,1/1/2018 12:00:00 AM,1,3440,31,1/1/2018 12:00:00 AM,1,573.333312988281,31,1/1/2018 12:00:00 AM,1,0,31,1/1/2018 12:00:00 AM,1,,,,,,,,,,,,,,,,,,,,,,,,,,,,,,,,,,,,,,,,,,,9/26/2017 8:22:58 PM,9/26/2017 8:22:58 PM,31,1,0,3440,0,573.333312988281,0,3440,0,573.333312988281,,,,,,,,,,,,,,,,,
33025032700000,eeda931f-f41b-4efc-9296-8e9317ad3ef0,BAKKEN,4608,5851,5583.16650390625,0,31,1/1/2018 12:00:00 AM,1/1/2018 12:00:00 AM,,,,,,,,,,,,,,,,,,,,,,,,,,,,,,,,,,,,,,,,,,,,,,,,,,,,,,,,,,,,,,4608,31,1/1/2018 12:00:00 AM,1,5851,31,1/1/2018 12:00:00 AM,1,5583.16650390625,31,1/1/2018 12:00:00 AM,1,0,31,1/1/2018 12:00:00 AM,1,,,,,,,,,,,,,,,,,,,,,,,,,,,,,,,,,,,,,,,,,,,11/18/2017 8:14:44 AM,11/18/2017 8:14:44 AM,31,1,4608,5851,0,5583.16650390625,4608,5851,0,5583.16650390625,,,,,,,,,,,,,,,,,
33025032680000,845c014b-e978-48bd-bae1-be2534cac8ce,BAKKEN,4290,4574,5052.33349609375,0,31,1/1/2018 12:00:00 AM,1/1/2018 12:00:00 AM,,,,,,,,,,,,,,,,,,,,,,,,,,,,,,,,,,,,,,,,,,,,,,,,,,,,,,,,,,,,,,4290,31,1/1/2018 12:00:00 AM,1,4574,31,1/1/2018 12:00:00 AM,1,5052.33349609375,31,1/1/2018 12:00:00 AM,1,0,31,1/1/2018 12:00:00 AM,1,,,,,,,,,,,,,,,,,,,,,,,,,,,,,,,,,,,,,,,,,,,11/21/2017 6:13:22 AM,11/21/2017 6:13:22 AM,31,1,4290,4574,0,5052.33349609375,4290,4574,0,5052.33349609375,,,,,,,,,,,,,,,,,
33025032690000,5bf3c1e1-598b-4f04-9323-c2b750e8b8f7,BAKKEN,732,782,862.333312988281,0,31,1/1/2018 12:00:00 AM,1/1/2018 12:00:00 AM,,,,,,,,,,,,,,,,,,,,,,,,,,,,,,,,,,,,,,,,,,,,,,,,,,,,,,,,,,,,,,732,31,1/1/2018 12:00:00 AM,1,782,31,1/1/2018 12:00:00 AM,1,862.333312988281,31,1/1/2018 12:00:00 AM,1,0,31,1/1/2018 12:00:00 AM,1,,,,,,,,,,,,,,,,,,,,,,,,,,,,,,,,,,,,,,,,,,,11/21/2017 6:13:22 AM,11/21/2017 6:13:22 AM,31,1,732,782,0,862.333312988281,732,782,0,862.333312988281,,,,,,,,,,,,,,,,,
33025032670000,8b507aa5-0891-4459-ad3b-ca1c1c843a2d,BAKKEN,11991,9909,13642.5,0,31,1/1/2018 12:00:00 AM,1/1/2018 12:00:00 AM,,,,,,,,,,,,,,,,,,,,,,,,,,,,,,,,,,,,,,,,,,,,,,,,,,,,,,,,,,,,,,11991,31,1/1/2018 12:00:00 AM,1,9909,31,1/1/2018 12:00:00 AM,1,13642.5,31,1/1/2018 12:00:00 AM,1,0,31,1/1/2018 12:00:00 AM,1,,,,,,,,,,,,,,,,,,,,,,,,,,,,,,,,,,,,,,,,,,,11/18/2017 8:14:32 AM,11/18/2017 8:14:32 AM,31,1,11991,9909,0,13642.5,11991,9909,0,13642.5,,,,,,,,,,,,,,,,,
33061040250000,9e84638d-582a-4fde-b204-6e64b1f7be7c,BAKKEN,1044,726,1165,2,59,1/1/2018 12:00:00 AM,2/1/2018 12:00:00 AM,,,,,,,,,,,,,,,,,,,,,,,,,,,,,,,,,,,,,,,,,,,,,,,,,,,,,,,,,,,,,,1021,28,2/1/2018 12:00:00 AM,2,726,28,2/1/2018 12:00:00 AM,2,1142,28,2/1/2018 12:00:00 AM,2,2,28,2/1/2018 12:00:00 AM,2,,,,,,,,,,,,,,,,,,,,,,,,,,,,,,,,,,,,,,,,,,,9/20/2017 10:48:24 PM,9/20/2017 10:48:24 PM,59,2,23,0,0,23,1021,726,2,1142,,,,,1044,,97.7473065621939,726,,100,1165,,97.9859894921191,2,,100,59
3001544063,a3468f88-a191-4100-9f8e-2355e17d1eb8,WOLFCAMP (GAS),9527,49894,17842.666015625,85358,31,1/1/2018 12:00:00 AM,1/1/2018 12:00:00 AM,1/17/2018 12:00:00 AM,,,,,,,,,,,,,,,,,,,,,,,,,,,,,,,,,,,,,,,,,,,,,,,,,,,,,,,,,,,,,9527,31,1/1/2018 12:00:00 AM,1,49894,31,1/1/2018 12:00:00 AM,1,17842.666015625,31,1/1/2018 12:00:00 AM,1,85358,31,1/1/2018 12:00:00 AM,1,,,,,,,,,,,,,,,,,,,,,,,,,,,,,,,,,,,,,,,,,,,11/17/2017 4:21:43 PM,11/17/2017 4:21:43 PM,31,1,9527,49894,85358,17842.666015625,9527,49894,85358,17842.666015625,,,,,,,,,,,,,,,,,
3002543675,b563fa43-6dff-43ae-9c5a-6287df3a96ef,BONE SPRING,11125,16598,13891.3330078125,42305,31,1/1/2018 12:00:00 AM,1/1/2018 12:00:00 AM,2/8/2018 12:00:00 AM,,,,,,,,,,,,,,,,,,,,,,,,,,,,,,,,,,,,,,,,,,,,,,,,,,,,,,,,,,,,,11125,31,1/1/2018 12:00:00 AM,1,16598,31,1/1/2018 12:00:00 AM,1,13891.3330078125,31,1/1/2018 12:00:00 AM,1,42305,31,1/1/2018 12:00:00 AM,1,,,,,,,,,,,,,,,,,,,,,,,,,,,,,,,,,,,,,,,,,,,11/17/2017 8:49:10 PM,11/17/2017 8:49:10 PM,31,1,11125,16598,42305,13891.3330078125,11125,16598,42305,13891.3330078125,,,,,,,,,,,,,,,,,
3002543674,7dc797d6-64ec-4f9a-a22e-75fabae5731c,BONE SPRING,11865,18114,14884,50222,31,1/1/2018 12:00:00 AM,1/1/2018 12:00:00 AM,2/5/2018 12:00:00 AM,,,,,,,,,,,,,,,,,,,,,,,,,,,,,,,,,,,,,,,,,,,,,,,,,,,,,,,,,,,,,11865,31,1/1/2018 12:00:00 AM,1,18114,31,1/1/2018 12:00:00 AM,1,14884,31,1/1/2018 12:00:00 AM,1,50222,31,1/1/2018 12:00:00 AM,1,,,,,,,,,,,,,,,,,,,,,,,,,,,,,,,,,,,,,,,,,,,11/17/2017 6:13:43 PM,11/17/2017 6:13:43 PM,31,1,11865,18114,50222,14884,11865,18114,50222,14884,,,,,,,,,,,,,,,,,
3001544106,8380b2a9-b99e-4f5c-9516-99d482aa9df1,BONE SPRING (O),12186,22822,15989.6669921875,19085,31,1/1/2018 12:00:00 AM,1/1/2018 12:00:00 AM,2/4/2018 12:00:00 AM,,,,,,,,,,,,,,,,,,,,,,,,,,,,,,,,,,,,,,,,,,,,,,,,,,,,,,,,,,,,,12186,31,1/1/2018 12:00:00 AM,1,22822,31,1/1/2018 12:00:00 AM,1,15989.6669921875,31,1/1/2018 12:00:00 AM,1,19085,31,1/1/2018 12:00:00 AM,1,,,,,,,,,,,,,,,,,,,,,,,,,,,,,,,,,,,,,,,,,,,11/14/2017 9:19:45 PM,11/14/2017 9:19:45 PM,31,1,12186,22822,19085,15989.6669921875,12186,22822,19085,15989.6669921875,,,,,,,,,,,,,,,,,
3001544068,ecfd2150-6037-4f2d-8f52-b0fdae12e330,BONE SPRING (O),3341,6067,4352.16650390625,8233,31,1/1/2018 12:00:00 AM,1/1/2018 12:00:00 AM,,,,,,,,,,,,,,,,,,,,,,,,,,,,,,,,,,,,,,,,,,,,,,,,,,,,,,,,,,,,,,3341,31,1/1/2018 12:00:00 AM,1,6067,31,1/1/2018 12:00:00 AM,1,4352.16650390625,31,1/1/2018 12:00:00 AM,1,8233,31,1/1/2018 12:00:00 AM,1,,,,,,,,,,,,,,,,,,,,,,,,,,,,,,,,,,,,,,,,,,,11/17/2017 7:08:15 PM,11/17/2017 7:08:15 PM,31,1,3341,6067,8233,4352.16650390625,3341,6067,8233,4352.16650390625,,,,,,,,,,,,,,,,,
3002543673,0bcc9e07-248f-4533-8b36-b79a340c413b,BONE SPRING,9935,14558,12361.3330078125,37134,31,1/1/2018 12:00:00 AM,1/1/2018 12:00:00 AM,2/7/2018 12:00:00 AM,,,,,,,,,,,,,,,,,,,,,,,,,,,,,,,,,,,,,,,,,,,,,,,,,,,,,,,,,,,,,9935,31,1/1/2018 12:00:00 AM,1,14558,31,1/1/2018 12:00:00 AM,1,12361.3330078125,31,1/1/2018 12:00:00 AM,1,37134,31,1/1/2018 12:00:00 AM,1,,,,,,,,,,,,,,,,,,,,,,,,,,,,,,,,,,,,,,,,,,,11/17/2017 6:12:20 PM,11/17/2017 6:12:20 PM,31,1,9935,14558,37134,12361.3330078125,9935,14558,37134,12361.3330078125,,,,,,,,,,,,,,,,,
3001544121,74b48660-575f-4ad6-9b5e-64424ecb2935,"BONE SPRING, WEST",15803,34053,21478.5,10590,31,1/1/2018 12:00:00 AM,1/1/2018 12:00:00 AM,1/25/2018 12:00:00 AM,,,,,,,,,,,,,,,,,,,,,,,,,,,,,,,,,,,,,,,,,,,,,,,,,,,,,,,,,,,,,15803,31,1/1/2018 12:00:00 AM,1,34053,31,1/1/2018 12:00:00 AM,1,21478.5,31,1/1/2018 12:00:00 AM,1,10590,31,1/1/2018 12:00:00 AM,1,,,,,,,,,,,,,,,,,,,,,,,,,,,,,,,,,,,,,,,,,,,11/17/2017 3:03:59 PM,11/17/2017 3:03:59 PM,31,1,15803,34053,10590,21478.5,15803,34053,10590,21478.5,,,,,,,,,,,,,,,,,
3001544120,880d878e-4e38-4ce3-88ee-d5d28c55d5cd,"BONE SPRING, WEST",21341,39415,27910.166015625,16344,31,1/1/2018 12:00:00 AM,1/1/2018 12:00:00 AM,,,,,,,,,,,,,,,,,,,,,,,,,,,,,,,,,,,,,,,,,,,,,,,,,,,,,,,,,,,,,,21341,31,1/1/2018 12:00:00 AM,1,39415,31,1/1/2018 12:00:00 AM,1,27910.166015625,31,1/1/2018 12:00:00 AM,1,16344,31,1/1/2018 12:00:00 AM,1,,,,,,,,,,,,,,,,,,,,,,,,,,,,,,,,,,,,,,,,,,,11/17/2017 4:50:10 PM,11/17/2017 4:50:10 PM,31,1,21341,39415,16344,27910.166015625,21341,39415,16344,27910.166015625,,,,,,,,,,,,,,,,,
05073067190000,75a2caca-acea-4ea2-b60d-aa0979264ba1,FRSC,3608,1749,3899.5,106,31,1/1/2018 12:00:00 AM,1/1/2018 12:00:00 AM,,,,,,,,,,,,,,,,,,,,,,,,,,,,,,,,,,,,,,,,,,,,,,,,,,,,,,,,,,,,,,3608,31,1/1/2018 12:00:00 AM,1,1749,31,1/1/2018 12:00:00 AM,1,3899.5,31,1/1/2018 12:00:00 AM,1,106,31,1/1/2018 12:00:00 AM,1,,,,,,,,,,,,,,,,,,,,,,,,,,,,,,,,,,,,,,,,,,,9/26/2017 8:33:55 PM,9/26/2017 8:33:55 PM,31,1,3608,1749,106,3899.5,3608,1749,106,3899.5,,,,,,,,,,,,,,,,,
3001544142,43fc1e7a-f061-4182-833d-b5b44e102c4d,BONE SPRING,30378,28226,35082.33203125,0,31,1/1/2018 12:00:00 AM,1/1/2018 12:00:00 AM,2/7/2018 12:00:00 AM,,,,,,,,,,,,,,,,,,,,,,,,,,,,,,,,,,,,,,,,,,,,,,,,,,,,,,,,,,,,,30378,31,1/1/2018 12:00:00 AM,1,28226,31,1/1/2018 12:00:00 AM,1,35082.33203125,31,1/1/2018 12:00:00 AM,1,0,31,1/1/2018 12:00:00 AM,1,,,,,,,,,,,,,,,,,,,,,,,,,,,,,,,,,,,,,,,,,,,11/12/2017 2:10:33 PM,11/12/2017 2:10:33 PM,31,1,30378,28226,0,35082.33203125,30378,28226,0,35082.33203125,,,,,,,,,,,,,,,,,
3001544156,26d9fca5-b3bb-44f7-bc5d-d441fdd9056c,BONE SPRING,27528,25325,31748.833984375,0,31,1/1/2018 12:00:00 AM,1/1/2018 12:00:00 AM,2/2/2018 12:00:00 AM,,,,,,,,,,,,,,,,,,,,,,,,,,,,,,,,,,,,,,,,,,,,,,,,,,,,,,,,,,,,,27528,31,1/1/2018 12:00:00 AM,1,25325,31,1/1/2018 12:00:00 AM,1,31748.833984375,31,1/1/2018 12:00:00 AM,1,0,31,1/1/2018 12:00:00 AM,1,,,,,,,,,,,,,,,,,,,,,,,,,,,,,,,,,,,,,,,,,,,10/25/2017 1:02:23 AM,10/25/2017 1:02:23 AM,31,1,27528,25325,0,31748.833984375,27528,25325,0,31748.833984375,,,,,,,,,,,,,,,,,
3001544154,5778f9bf-bfcb-4056-8176-d86dff38aa3f,BONE SPRING,28998,26584,33428.66796875,0,31,1/1/2018 12:00:00 AM,1/1/2018 12:00:00 AM,1/31/2018 12:00:00 AM,,,,,,,,,,,,,,,,,,,,,,,,,,,,,,,,,,,,,,,,,,,,,,,,,,,,,,,,,,,,,28998,31,1/1/2018 12:00:00 AM,1,26584,31,1/1/2018 12:00:00 AM,1,33428.66796875,31,1/1/2018 12:00:00 AM,1,0,31,1/1/2018 12:00:00 AM,1,,,,,,,,,,,,,,,,,,,,,,,,,,,,,,,,,,,,,,,,,,,10/25/2017 1:02:23 AM,10/25/2017 1:02:23 AM,31,1,28998,26584,0,33428.66796875,28998,26584,0,33428.66796875,,,,,,,,,,,,,,,,,
3001544199,69eece01-8351-43af-b858-16c53cc31670,BONE SPRING (O),8236,14571,10664.5,34775,31,1/1/2018 12:00:00 AM,1/1/2018 12:00:00 AM,2/3/2018 12:00:00 AM,,,,,,,,,,,,,,,,,,,,,,,,,,,,,,,,,,,,,,,,,,,,,,,,,,,,,,,,,,,,,8236,31,1/1/2018 12:00:00 AM,1,14571,31,1/1/2018 12:00:00 AM,1,10664.5,31,1/1/2018 12:00:00 AM,1,34775,31,1/1/2018 12:00:00 AM,1,,,,,,,,,,,,,,,,,,,,,,,,,,,,,,,,,,,,,,,,,,,11/12/2017 2:10:32 PM,11/12/2017 2:10:32 PM,31,1,8236,14571,34775,10664.5,8236,14571,34775,10664.5,,,,,,,,,,,,,,,,,
3001544201,8e48350d-4ed9-4d55-8d42-ac88f72984e4,"BONE SPRING, WEST",20017,22879,23830.166015625,12829,31,1/1/2018 12:00:00 AM,1/1/2018 12:00:00 AM,,,,,,,,,,,,,,,,,,,,,,,,,,,,,,,,,,,,,,,,,,,,,,,,,,,,,,,,,,,,,,20017,31,1/1/2018 12:00:00 AM,1,22879,31,1/1/2018 12:00:00 AM,1,23830.166015625,31,1/1/2018 12:00:00 AM,1,12829,31,1/1/2018 12:00:00 AM,1,,,,,,,,,,,,,,,,,,,,,,,,,,,,,,,,,,,,,,,,,,,11/17/2017 3:44:35 PM,11/17/2017 3:44:35 PM,31,1,20017,22879,12829,23830.166015625,20017,22879,12829,23830.166015625,,,,,,,,,,,,,,,,,
3002543838,d5e789c2-8715-44d7-bec1-be63b86d4d1d,WOLFBONE,4972,5977,5968.16650390625,7808,31,1/1/2018 12:00:00 AM,1/1/2018 12:00:00 AM,1/30/2018 12:00:00 AM,,,,,,,,,,,,,,,,,,,,,,,,,,,,,,,,,,,,,,,,,,,,,,,,,,,,,,,,,,,,,4972,31,1/1/2018 12:00:00 AM,1,5977,31,1/1/2018 12:00:00 AM,1,5968.16650390625,31,1/1/2018 12:00:00 AM,1,7808,31,1/1/2018 12:00:00 AM,1,,,,,,,,,,,,,,,,,,,,,,,,,,,,,,,,,,,,,,,,,,,11/17/2017 9:57:38 PM,11/17/2017 9:57:38 PM,31,1,4972,5977,7808,5968.16650390625,4972,5977,7808,5968.16650390625,,,,,,,,,,,,,,,,,
3002543846,55c1b1e8-ba5b-4090-a84c-abc59f76d33c,GRAYBURG-SAN ANDRES,0,0,0,52112,31,1/1/2018 12:00:00 AM,1/1/2018 12:00:00 AM,3/18/2018 12:00:00 AM,,,,,,,,,,,,,,,,,,,,,,,,,,,,,,,,,,,,,,,,,,,,,,,,,,,,,,,,,,,,,0,31,1/1/2018 12:00:00 AM,1,0,31,1/1/2018 12:00:00 AM,1,0,31,1/1/2018 12:00:00 AM,1,52112,31,1/1/2018 12:00:00 AM,1,,,,,,,,,,,,,,,,,,,,,,,,,,,,,,,,,,,,,,,,,,,11/17/2017 9:56:09 PM,11/17/2017 9:56:09 PM,31,1,0,0,52112,0,0,0,52112,0,,,,,,,,,,,,,,,,,
3002543883,1574caf7-0adb-40c5-a505-d39fb1334eb2,BONE SPRING,6085,1166,6279.33349609375,11105,31,1/1/2018 12:00:00 AM,1/1/2018 12:00:00 AM,1/19/2018 12:00:00 AM,,,,,,,,,,,,,,,,,,,,,,,,,,,,,,,,,,,,,,,,,,,,,,,,,,,,,,,,,,,,,6085,31,1/1/2018 12:00:00 AM,1,1166,31,1/1/2018 12:00:00 AM,1,6279.33349609375,31,1/1/2018 12:00:00 AM,1,11105,31,1/1/2018 12:00:00 AM,1,,,,,,,,,,,,,,,,,,,,,,,,,,,,,,,,,,,,,,,,,,,11/17/2017 6:48:05 PM,11/17/2017 6:48:05 PM,31,1,6085,1166,11105,6279.33349609375,6085,1166,11105,6279.33349609375,,,,,,,,,,,,,,,,,
3002543884,53510097-2cb5-4300-91e6-e6c204845325,BONE SPRING,5857,3195,6389.5,18237,31,1/1/2018 12:00:00 AM,1/1/2018 12:00:00 AM,12/26/2017 12:00:00 AM,,,,,,,,,,,,,,,,,,,,,,,,,,,,,,,,,,,,,,,,,,,,,,,,,,,,,,,,,,,,,5857,31,1/1/2018 12:00:00 AM,1,3195,31,1/1/2018 12:00:00 AM,1,6389.5,31,1/1/2018 12:00:00 AM,1,18237,31,1/1/2018 12:00:00 AM,1,,,,,,,,,,,,,,,,,,,,,,,,,,,,,,,,,,,,,,,,,,,11/17/2017 6:11:57 PM,11/17/2017 6:11:57 PM,31,1,5857,3195,18237,6389.5,5857,3195,18237,6389.5,,,,,,,,,,,,,,,,,
35153236050000,1ead228d-29a7-4694-b082-1f2012138e2e,MISSISSIPPIAN,0,12355,2059.16674804688,0,31,1/1/2018 12:00:00 AM,1/1/2018 12:00:00 AM,11/7/2017 12:00:00 AM,,,,,,,,,,,,,,,,,,,,,,,,,,,,,,,,,,,,,,,,,,,,,,,,,,,,,,,,,,,,,0,31,1/1/2018 12:00:00 AM,1,12355,31,1/1/2018 12:00:00 AM,1,2059.16674804688,31,1/1/2018 12:00:00 AM,1,0,31,1/1/2018 12:00:00 AM,1,,,,,,,,,,,,,,,,,,,,,,,,,,,,,,,,,,,,,,,,,,,11/22/2017 3:03:19 AM,11/22/2017 3:03:19 AM,31,1,0,12355,0,2059.16674804688,0,12355,0,2059.16674804688,,,,,,,,,,,,,,,,,
35039224950000,61a820c6-348a-4088-bf50-2a119a460211,WOODFORD,0,271143,45190.5,0,31,1/1/2018 12:00:00 AM,1/1/2018 12:00:00 AM,6/28/2017 12:00:00 AM,,,,,,,,,,,,,,,,,,,,,,,,,,,,,,,,,,,,,,,,,,,,,,,,,,,,,,,,,,,,,0,31,1/1/2018 12:00:00 AM,1,271143,31,1/1/2018 12:00:00 AM,1,45190.5,31,1/1/2018 12:00:00 AM,1,0,31,1/1/2018 12:00:00 AM,1,,,,,,,,,,,,,,,,,,,,,,,,,,,,,,,,,,,,,,,,,,,9/15/2017 3:28:38 PM,9/15/2017 3:28:38 PM,31,1,0,271143,0,45190.5,0,271143,0,45190.5,,,,,,,,,,,,,,,,,
3002543893,8021d580-ef8d-4190-a5d1-216e0fe72fd3,WOLFCAMP,17985,25233,22190.5,60591,31,1/1/2018 12:00:00 AM,1/1/2018 12:00:00 AM,1/24/2018 12:00:00 AM,,,,,,,,,,,,,,,,,,,,,,,,,,,,,,,,,,,,,,,,,,,,,,,,,,,,,,,,,,,,,17985,31,1/1/2018 12:00:00 AM,1,25233,31,1/1/2018 12:00:00 AM,1,22190.5,31,1/1/2018 12:00:00 AM,1,60591,31,1/1/2018 12:00:00 AM,1,,,,,,,,,,,,,,,,,,,,,,,,,,,,,,,,,,,,,,,,,,,9/16/2017 7:39:52 AM,9/16/2017 7:39:52 AM,31,1,17985,25233,60591,22190.5,17985,25233,60591,22190.5,,,,,,,,,,,,,,,,,
3002543892,25038df3-b05f-4fbb-86ab-29403404620c,WOLFCAMP,10039,15758,12665.3330078125,63461,31,1/1/2018 12:00:00 AM,1/1/2018 12:00:00 AM,,,,,,,,,,,,,,,,,,,,,,,,,,,,,,,,,,,,,,,,,,,,,,,,,,,,,,,,,,,,,,10039,31,1/1/2018 12:00:00 AM,1,15758,31,1/1/2018 12:00:00 AM,1,12665.3330078125,31,1/1/2018 12:00:00 AM,1,63461,31,1/1/2018 12:00:00 AM,1,,,,,,,,,,,,,,,,,,,,,,,,,,,,,,,,,,,,,,,,,,,9/16/2017 7:39:52 AM,9/16/2017 7:39:52 AM,31,1,10039,15758,63461,12665.3330078125,10039,15758,63461,12665.3330078125,,,,,,,,,,,,,,,,,
3002543894,91d472c6-8452-41cb-9335-a3f9cf357c03,WOLFCAMP,14908,20134,18263.666015625,43702,31,1/1/2018 12:00:00 AM,1/1/2018 12:00:00 AM,1/22/2018 12:00:00 AM,,,,,,,,,,,,,,,,,,,,,,,,,,,,,,,,,,,,,,,,,,,,,,,,,,,,,,,,,,,,,14908,31,1/1/2018 12:00:00 AM,1,20134,31,1/1/2018 12:00:00 AM,1,18263.666015625,31,1/1/2018 12:00:00 AM,1,43702,31,1/1/2018 12:00:00 AM,1,,,,,,,,,,,,,,,,,,,,,,,,,,,,,,,,,,,,,,,,,,,9/16/2017 7:39:52 AM,9/16/2017 7:39:52 AM,31,1,14908,20134,43702,18263.666015625,14908,20134,43702,18263.666015625,,,,,,,,,,,,,,,,,
35063246830000,33919bb8-8e3f-4801-a24a-d6744617ea94,WOODFORD,0,2561,426.833343505859,0,31,1/1/2018 12:00:00 AM,1/1/2018 12:00:00 AM,,,,,,,,,,,,,,,,,,,,,,,,,,,,,,,,,,,,,,,,,,,,,,,,,,,,,,,,,,,,,,0,31,1/1/2018 12:00:00 AM,1,2561,31,1/1/2018 12:00:00 AM,1,426.833343505859,31,1/1/2018 12:00:00 AM,1,0,31,1/1/2018 12:00:00 AM,1,,,,,,,,,,,,,,,,,,,,,,,,,,,,,,,,,,,,,,,,,,,9/15/2017 4:26:15 PM,9/15/2017 4:26:15 PM,31,1,0,2561,0,426.833343505859,0,2561,0,426.833343505859,,,,,,,,,,,,,,,,,
3001544366,b8f7d5ab-bd16-482a-a354-124292daa7eb,GLORIETA-YESO,7308,5021,8144.83349609375,63252,31,1/1/2018 12:00:00 AM,1/1/2018 12:00:00 AM,,,,,,,,,,,,,,,,,,,,,,,,,,,,,,,,,,,,,,,,,,,,,,,,,,,,,,,,,,,,,,7308,31,1/1/2018 12:00:00 AM,1,5021,31,1/1/2018 12:00:00 AM,1,8144.83349609375,31,1/1/2018 12:00:00 AM,1,63252,31,1/1/2018 12:00:00 AM,1,,,,,,,,,,,,,,,,,,,,,,,,,,,,,,,,,,,,,,,,,,,11/17/2017 3:58:20 PM,11/17/2017 3:58:20 PM,31,1,7308,5021,63252,8144.83349609375,7308,5021,63252,8144.83349609375,,,,,,,,,,,,,,,,,
3001544365,a3d9aeb9-f66b-44af-a676-98eda3e1a213,GLORIETA-YESO,5032,4145,5722.83349609375,73301,31,1/1/2018 12:00:00 AM,1/1/2018 12:00:00 AM,,,,,,,,,,,,,,,,,,,,,,,,,,,,,,,,,,,,,,,,,,,,,,,,,,,,,,,,,,,,,,5032,31,1/1/2018 12:00:00 AM,1,4145,31,1/1/2018 12:00:00 AM,1,5722.83349609375,31,1/1/2018 12:00:00 AM,1,73301,31,1/1/2018 12:00:00 AM,1,,,,,,,,,,,,,,,,,,,,,,,,,,,,,,,,,,,,,,,,,,,11/17/2017 5:32:46 PM,11/17/2017 5:32:46 PM,31,1,5032,4145,73301,5722.83349609375,5032,4145,73301,5722.83349609375,,,,,,,,,,,,,,,,,
35063246890000,9f6a2f53-ae29-449f-9176-caeae3ced40c,WOODFORD,0,52457,8742.8330078125,0,31,1/1/2018 12:00:00 AM,1/1/2018 12:00:00 AM,,,,,,,,,,,,,,,,,,,,,,,,,,,,,,,,,,,,,,,,,,,,,,,,,,,,,,,,,,,,,,0,31,1/1/2018 12:00:00 AM,1,52457,31,1/1/2018 12:00:00 AM,1,8742.8330078125,31,1/1/2018 12:00:00 AM,1,0,31,1/1/2018 12:00:00 AM,1,,,,,,,,,,,,,,,,,,,,,,,,,,,,,,,,,,,,,,,,,,,9/15/2017 4:27:07 PM,9/15/2017 4:27:07 PM,31,1,0,52457,0,8742.8330078125,0,52457,0,8742.8330078125,,,,,,,,,,,,,,,,,
3001544370,be01ee1e-1988-48b9-a6f3-6943eeeb07b4,BONE SPRING,7505,15244,10045.6669921875,36803,31,1/1/2018 12:00:00 AM,1/1/2018 12:00:00 AM,,,,,,,,,,,,,,,,,,,,,,,,,,,,,,,,,,,,,,,,,,,,,,,,,,,,,,,,,,,,,,7505,31,1/1/2018 12:00:00 AM,1,15244,31,1/1/2018 12:00:00 AM,1,10045.6669921875,31,1/1/2018 12:00:00 AM,1,36803,31,1/1/2018 12:00:00 AM,1,,,,,,,,,,,,,,,,,,,,,,,,,,,,,,,,,,,,,,,,,,,10/24/2017 7:18:18 AM,10/24/2017 7:18:18 AM,31,1,7505,15244,36803,10045.6669921875,7505,15244,36803,10045.6669921875,,,,,,,,,,,,,,,,,
3001544399,9344faa9-fc22-4d13-8369-16b4a08d3239,GLORIETA-YESO,9303,10682,11083.3330078125,15280,31,1/1/2018 12:00:00 AM,1/1/2018 12:00:00 AM,12/13/2017 12:00:00 AM,,,,,,,,,,,,,,,,,,,,,,,,,,,,,,,,,,,,,,,,,,,,,,,,,,,,,,,,,,,,,9303,31,1/1/2018 12:00:00 AM,1,10682,31,1/1/2018 12:00:00 AM,1,11083.3330078125,31,1/1/2018 12:00:00 AM,1,15280,31,1/1/2018 12:00:00 AM,1,,,,,,,,,,,,,,,,,,,,,,,,,,,,,,,,,,,,,,,,,,,11/14/2017 9:19:55 PM,11/14/2017 9:19:55 PM,31,1,9303,10682,15280,11083.3330078125,9303,10682,15280,11083.3330078125,,,,,,,,,,,,,,,,,
3002543923,430905d9-8e4b-40b3-97d4-9aa7581e830d,"BONE SPRING, EAST",32804,43427,40041.83203125,120051,31,1/1/2018 12:00:00 AM,1/1/2018 12:00:00 AM,1/20/2018 12:00:00 AM,,,,,,,,,,,,,,,,,,,,,,,,,,,,,,,,,,,,,,,,,,,,,,,,,,,,,,,,,,,,,32804,31,1/1/2018 12:00:00 AM,1,43427,31,1/1/2018 12:00:00 AM,1,40041.83203125,31,1/1/2018 12:00:00 AM,1,120051,31,1/1/2018 12:00:00 AM,1,,,,,,,,,,,,,,,,,,,,,,,,,,,,,,,,,,,,,,,,,,,9/27/2017 2:21:38 AM,9/27/2017 2:21:38 AM,31,1,32804,43427,120051,40041.83203125,32804,43427,120051,40041.83203125,,,,,,,,,,,,,,,,,
3002543933,f23ba963-ceaa-4a0b-b901-2a15c4507b87,WOLFCAMP,19158,24832,23296.666015625,55294,31,1/1/2018 12:00:00 AM,1/1/2018 12:00:00 AM,1/26/2018 12:00:00 AM,,,,,,,,,,,,,,,,,,,,,,,,,,,,,,,,,,,,,,,,,,,,,,,,,,,,,,,,,,,,,19158,31,1/1/2018 12:00:00 AM,1,24832,31,1/1/2018 12:00:00 AM,1,23296.666015625,31,1/1/2018 12:00:00 AM,1,55294,31,1/1/2018 12:00:00 AM,1,,,,,,,,,,,,,,,,,,,,,,,,,,,,,,,,,,,,,,,,,,,9/16/2017 7:39:56 AM,9/16/2017 7:39:56 AM,31,1,19158,24832,55294,23296.666015625,19158,24832,55294,23296.666015625,,,,,,,,,,,,,,,,,
3002543936,3fc4e271-942f-4e1d-b2a7-7da06c9c32d4,LWR BONE SPRIN,6340,13241,8546.8330078125,94874,31,1/1/2018 12:00:00 AM,1/1/2018 12:00:00 AM,2/5/2018 12:00:00 AM,,,,,,,,,,,,,,,,,,,,,,,,,,,,,,,,,,,,,,,,,,,,,,,,,,,,,,,,,,,,,6340,31,1/1/2018 12:00:00 AM,1,13241,31,1/1/2018 12:00:00 AM,1,8546.8330078125,31,1/1/2018 12:00:00 AM,1,94874,31,1/1/2018 12:00:00 AM,1,,,,,,,,,,,,,,,,,,,,,,,,,,,,,,,,,,,,,,,,,,,10/8/2017 2:48:02 AM,10/8/2017 2:48:02 AM,31,1,6340,13241,94874,8546.8330078125,6340,13241,94874,8546.8330078125,,,,,,,,,,,,,,,,,
33025032930000,221db1e1-fd93-4a4f-b610-4d90876c5f1b,BAKKEN,26905,19516,30157.666015625,0,31,1/1/2018 12:00:00 AM,1/1/2018 12:00:00 AM,,,,,,,,,,,,,,,,,,,,,,,,,,,,,,,,,,,,,,,,,,,,,,,,,,,,,,,,,,,,,,26905,31,1/1/2018 12:00:00 AM,1,19516,31,1/1/2018 12:00:00 AM,1,30157.666015625,31,1/1/2018 12:00:00 AM,1,0,31,1/1/2018 12:00:00 AM,1,,,,,,,,,,,,,,,,,,,,,,,,,,,,,,,,,,,,,,,,,,,11/18/2017 8:14:50 AM,11/18/2017 8:14:50 AM,31,1,26905,19516,0,30157.666015625,26905,19516,0,30157.666015625,,,,,,,,,,,,,,,,,
33053081120000,e3af98de-4eb1-4cb6-9e2c-5916de2d8242,BAKKEN/THREE FORKS,41223,80075,54568.833984375,39978,59,1/1/2018 12:00:00 AM,2/1/2018 12:00:00 AM,,,,,,,,,,,,,,,,,,,,,,,,,,,,,,,,,,,,,,,,,,,,,,,,,,,,,,,,,,,,,,21611,31,1/1/2018 12:00:00 AM,1,42593,31,1/1/2018 12:00:00 AM,1,28709.833984375,31,1/1/2018 12:00:00 AM,1,22708,31,1/1/2018 12:00:00 AM,1,,,,,,,,,,,,,,,,,,,,,,,,,,,,,,,,,,,,,,,,,,,9/30/2017 3:24:25 PM,9/30/2017 3:24:25 PM,59,2,21611,42593,22708,28709.833984375,19612,37482,17270,25859,,,,,41223,,9.24991902271991,80075,,11.9996243514192,54568.833984375,,9.92981703038246,39978,,23.9475074863484,59
33053081130000,5be7fbf3-791c-489b-8537-795abec86c9f,BAKKEN/THREE FORKS,64808,117881,84454.83203125,17289,59,1/1/2018 12:00:00 AM,2/1/2018 12:00:00 AM,,,,,,,,,,,,,,,,,,,,,,,,,,,,,,,,,,,,,,,,,,,,,,,,,,,,,,,,,,,,,,34892,31,1/1/2018 12:00:00 AM,1,64710,31,1/1/2018 12:00:00 AM,1,45677,31,1/1/2018 12:00:00 AM,1,10087,31,1/1/2018 12:00:00 AM,1,,,,,,,,,,,,,,,,,,,,,,,,,,,,,,,,,,,,,,,,,,,10/7/2017 8:18:42 AM,10/7/2017 8:18:42 AM,59,2,34892,64710,10087,45677,29916,53171,7202,38777.83203125,,,,,64808,,14.2611486873782,117881,,17.831865244939,84454.83203125,,15.1042493350045,17289,,28.6011698225439,59
33053081110000,541f752d-b0b6-49c4-8575-87c6b7189648,BAKKEN/THREE FORKS,52219,94800,68019.001953125,28737,59,1/1/2018 12:00:00 AM,2/1/2018 12:00:00 AM,,,,,,,,,,,,,,,,,,,,,,,,,,,,,,,,,,,,,,,,,,,,,,,,,,,,,,,,,,,,,,27970,28,2/1/2018 12:00:00 AM,2,48712,28,2/1/2018 12:00:00 AM,2,36088.66796875,28,2/1/2018 12:00:00 AM,2,15833,31,1/1/2018 12:00:00 AM,1,,,,,,,,,,,,,,,,,,,,,,,,,,,,,,,,,,,,,,,,,,,9/30/2017 3:22:13 PM,9/30/2017 3:22:13 PM,59,2,24249,46088,15833,31930.333984375,27970,48712,12904,36088.66796875,,,,,52219,,13.3035395066142,94800,,5.38676301527344,68019.001953125,,11.522547709369,28737,,18.4993368281438,59
33053081140000,644608b5-d0ab-4026-a7c9-bf261e857d75,BAKKEN/THREE FORKS,51710,95002,67543.666015625,21673,59,1/1/2018 12:00:00 AM,2/1/2018 12:00:00 AM,,,,,,,,,,,,,,,,,,,,,,,,,,,,,,,,,,,,,,,,,,,,,,,,,,,,,,,,,,,,,,28928,31,1/1/2018 12:00:00 AM,1,54107,31,1/1/2018 12:00:00 AM,1,37945.83203125,31,1/1/2018 12:00:00 AM,1,13483,31,1/1/2018 12:00:00 AM,1,,,,,,,,,,,,,,,,,,,,,,,,,,,,,,,,,,,,,,,,,,,9/30/2017 3:24:24 PM,9/30/2017 3:24:24 PM,59,2,28928,54107,13483,37945.83203125,22782,40895,8190,29597.833984375,,,,,51710,,21.2458517699115,95002,,24.4182822924945,67543.666015625,,21.9997759964785,21673,,39.2568419491211,59
33105044560000,12bf9960-1d73-463f-92fd-cc098ece31fd,BAKKEN,8648,0,8648,17989,59,1/1/2018 12:00:00 AM,2/1/2018 12:00:00 AM,,,,,,,,,,,,,,,,,,,,,,,,,,,,,,,,,,,,,,,,,,,,,,,,,,,,,,,,,,,,,,5552,31,1/1/2018 12:00:00 AM,1,0,31,1/1/2018 12:00:00 AM,1,5552,31,1/1/2018 12:00:00 AM,1,14405,31,1/1/2018 12:00:00 AM,1,,,,,,,,,,,,,,,,,,,,,,,,,,,,,,,,,,,,,,,,,,,11/21/2017 6:34:51 AM,11/21/2017 6:34:51 AM,59,2,5552,0,14405,5552,3096,0,3584,3096,,,,,8648,,44.2363112391931,0,,0,8648,,44.2363112391931,17989,,75.1197500867754,59
33025032940000,bf2e07c3-43d5-4c96-b7b8-ed30d3ba4cb6,BAKKEN,61186,38209,67554.1640625,17719,31,1/1/2018 12:00:00 AM,1/1/2018 12:00:00 AM,,,,,,,,,,,,,,,,,,,,,,,,,,,,,,,,,,,,,,,,,,,,,,,,,,,,,,,,,,,,,,61186,31,1/1/2018 12:00:00 AM,1,38209,31,1/1/2018 12:00:00 AM,1,67554.1640625,31,1/1/2018 12:00:00 AM,1,17719,31,1/1/2018 12:00:00 AM,1,,,,,,,,,,,,,,,,,,,,,,,,,,,,,,,,,,,,,,,,,,,11/18/2017 8:14:33 AM,11/18/2017 8:14:33 AM,31,1,61186,38209,17719,67554.1640625,61186,38209,17719,67554.1640625,,,,,,,,,,,,,,,,,
4301353467,530adb47-02a4-4575-8223-9421bf71830a,WASATCH,3108,4357,3834.16674804688,5719,31,1/1/2018 12:00:00 AM,1/1/2018 12:00:00 AM,,,,,,,,,,,,,,,,,,,,,,,,,,,,,,,,,,,,,,,,,,,,,,,,,,,,,,,,,,,,,,3108,31,1/1/2018 12:00:00 AM,1,4357,31,1/1/2018 12:00:00 AM,1,3834.16674804688,31,1/1/2018 12:00:00 AM,1,5719,31,1/1/2018 12:00:00 AM,1,,,,,,,,,,,,,,,,,,,,,,,,,,,,,,,,,,,,,,,,,,,9/6/2017 11:11:23 AM,9/6/2017 11:11:23 AM,31,1,3108,4357,5719,3834.16674804688,3108,4357,5719,3834.16674804688,,,,,,,,,,,,,,,,,
3001544431,a3818020-2e3a-4738-b82b-e31601bcdd4b,BONE SPRING,25426,41027,32263.833984375,50525,31,1/1/2018 12:00:00 AM,1/1/2018 12:00:00 AM,1/8/2018 12:00:00 AM,,,,,,,,,,,,,,,,,,,,,,,,,,,,,,,,,,,,,,,,,,,,,,,,,,,,,,,,,,,,,25426,31,1/1/2018 12:00:00 AM,1,41027,31,1/1/2018 12:00:00 AM,1,32263.833984375,31,1/1/2018 12:00:00 AM,1,50525,31,1/1/2018 12:00:00 AM,1,,,,,,,,,,,,,,,,,,,,,,,,,,,,,,,,,,,,,,,,,,,9/16/2017 7:32:35 AM,9/16/2017 7:32:35 AM,31,1,25426,41027,50525,32263.833984375,25426,41027,50525,32263.833984375,,,,,,,,,,,,,,,,,
3002544013,f8fa3e80-1cde-4cb7-95ce-313892532111,WOLFCAMP,2593,5171,3454.83325195313,8767,31,1/1/2018 12:00:00 AM,1/1/2018 12:00:00 AM,,,,,,,,,,,,,,,,,,,,,,,,,,,,,,,,,,,,,,,,,,,,,,,,,,,,,,,,,,,,,,2593,31,1/1/2018 12:00:00 AM,1,5171,31,1/1/2018 12:00:00 AM,1,3454.83325195313,31,1/1/2018 12:00:00 AM,1,8767,31,1/1/2018 12:00:00 AM,1,,,,,,,,,,,,,,,,,,,,,,,,,,,,,,,,,,,,,,,,,,,9/19/2017 5:00:36 PM,9/19/2017 5:00:36 PM,31,1,2593,5171,8767,3454.83325195313,2593,5171,8767,3454.83325195313,,,,,,,,,,,,,,,,,
3002544007,13dd2baf-8a57-4fc7-ac28-34fbd04cff7c,UPPER WOLFCAMP,56410,112310,75128.3359375,112995,31,1/1/2018 12:00:00 AM,1/1/2018 12:00:00 AM,12/26/2017 12:00:00 AM,,,,,,,,,,,,,,,,,,,,,,,,,,,,,,,,,,,,,,,,,,,,,,,,,,,,,,,,,,,,,56410,31,1/1/2018 12:00:00 AM,1,112310,31,1/1/2018 12:00:00 AM,1,75128.3359375,31,1/1/2018 12:00:00 AM,1,112995,31,1/1/2018 12:00:00 AM,1,,,,,,,,,,,,,,,,,,,,,,,,,,,,,,,,,,,,,,,,,,,9/19/2017 5:00:36 PM,9/19/2017 5:00:36 PM,31,1,56410,112310,112995,75128.3359375,56410,112310,112995,75128.3359375,,,,,,,,,,,,,,,,,
3001544438,53555017-cd1d-4b0b-b6df-43c977c00573,WOLFCAMP (GAS),90128,155615,116063.8359375,488102,31,1/1/2018 12:00:00 AM,1/1/2018 12:00:00 AM,,,,,,,,,,,,,,,,,,,,,,,,,,,,,,,,,,,,,,,,,,,,,,,,,,,,,,,,,,,,,,90128,31,1/1/2018 12:00:00 AM,1,155615,31,1/1/2018 12:00:00 AM,1,116063.8359375,31,1/1/2018 12:00:00 AM,1,488102,31,1/1/2018 12:00:00 AM,1,,,,,,,,,,,,,,,,,,,,,,,,,,,,,,,,,,,,,,,,,,,9/19/2017 4:59:32 PM,9/19/2017 4:59:32 PM,31,1,90128,155615,488102,116063.8359375,90128,155615,488102,116063.8359375,,,,,,,,,,,,,,,,,
3002544009,c63195c6-f342-4ac7-877e-4acfc526c673,UPPER WOLFCAMP,53686,107570,71614.3359375,108989,31,1/1/2018 12:00:00 AM,1/1/2018 12:00:00 AM,12/23/2017 12:00:00 AM,,,,,,,,,,,,,,,,,,,,,,,,,,,,,,,,,,,,,,,,,,,,,,,,,,,,,,,,,,,,,53686,31,1/1/2018 12:00:00 AM,1,107570,31,1/1/2018 12:00:00 AM,1,71614.3359375,31,1/1/2018 12:00:00 AM,1,108989,31,1/1/2018 12:00:00 AM,1,,,,,,,,,,,,,,,,,,,,,,,,,,,,,,,,,,,,,,,,,,,9/19/2017 5:00:36 PM,9/19/2017 5:00:36 PM,31,1,53686,107570,108989,71614.3359375,53686,107570,108989,71614.3359375,,,,,,,,,,,,,,,,,
3001544437,14580e40-f939-433e-94e1-589a04ffd088,WOLFCAMP (GAS),56590,100008,73258,320778,31,1/1/2018 12:00:00 AM,1/1/2018 12:00:00 AM,,,,,,,,,,,,,,,,,,,,,,,,,,,,,,,,,,,,,,,,,,,,,,,,,,,,,,,,,,,,,,56590,31,1/1/2018 12:00:00 AM,1,100008,31,1/1/2018 12:00:00 AM,1,73258,31,1/1/2018 12:00:00 AM,1,320778,31,1/1/2018 12:00:00 AM,1,,,,,,,,,,,,,,,,,,,,,,,,,,,,,,,,,,,,,,,,,,,9/19/2017 4:59:31 PM,9/19/2017 4:59:31 PM,31,1,56590,100008,320778,73258,56590,100008,320778,73258,,,,,,,,,,,,,,,,,
3002544006,ae43f99f-7bf9-4c07-94e4-6c0404afda5f,UPPER WOLFCAMP,44234,89003,59067.83203125,89150,31,1/1/2018 12:00:00 AM,1/1/2018 12:00:00 AM,12/23/2017 12:00:00 AM,,,,,,,,,,,,,,,,,,,,,,,,,,,,,,,,,,,,,,,,,,,,,,,,,,,,,,,,,,,,,44234,31,1/1/2018 12:00:00 AM,1,89003,31,1/1/2018 12:00:00 AM,1,59067.83203125,31,1/1/2018 12:00:00 AM,1,89150,31,1/1/2018 12:00:00 AM,1,,,,,,,,,,,,,,,,,,,,,,,,,,,,,,,,,,,,,,,,,,,9/19/2017 5:00:36 PM,9/19/2017 5:00:36 PM,31,1,44234,89003,89150,59067.83203125,44234,89003,89150,59067.83203125,,,,,,,,,,,,,,,,,
3002544008,4f60b408-3a28-42d4-a5f0-d245641683fc,UPPER WOLFCAMP,39645,75350,52203.33203125,91442,31,1/1/2018 12:00:00 AM,1/1/2018 12:00:00 AM,12/18/2017 12:00:00 AM,,,,,,,,,,,,,,,,,,,,,,,,,,,,,,,,,,,,,,,,,,,,,,,,,,,,,,,,,,,,,39645,31,1/1/2018 12:00:00 AM,1,75350,31,1/1/2018 12:00:00 AM,1,52203.33203125,31,1/1/2018 12:00:00 AM,1,91442,31,1/1/2018 12:00:00 AM,1,,,,,,,,,,,,,,,,,,,,,,,,,,,,,,,,,,,,,,,,,,,9/19/2017 5:00:36 PM,9/19/2017 5:00:36 PM,31,1,39645,75350,91442,52203.33203125,39645,75350,91442,52203.33203125,,,,,,,,,,,,,,,,,
05045236430000,df70f7e1-7f42-4845-9e55-0b4b42d3b5b4,WFCM,17,4749,808.5,0,31,1/1/2018 12:00:00 AM,1/1/2018 12:00:00 AM,,,,,,,,,,,,,,,,,,,,,,,,,,,,,,,,,,,,,,,,,,,,,,,,,,,,,,,,,,,,,,17,31,1/1/2018 12:00:00 AM,1,4749,31,1/1/2018 12:00:00 AM,1,808.5,31,1/1/2018 12:00:00 AM,1,0,31,1/1/2018 12:00:00 AM,1,,,,,,,,,,,,,,,,,,,,,,,,,,,,,,,,,,,,,,,,,,,9/20/2017 11:13:03 PM,9/20/2017 11:13:03 PM,31,1,17,4749,0,808.5,17,4749,0,808.5,,,,,,,,,,,,,,,,,
05045236500000,96f3aabf-7c55-400c-bd87-40587ab5f330,WFCM,21,5820,991,0,31,1/1/2018 12:00:00 AM,1/1/2018 12:00:00 AM,,,,,,,,,,,,,,,,,,,,,,,,,,,,,,,,,,,,,,,,,,,,,,,,,,,,,,,,,,,,,,21,31,1/1/2018 12:00:00 AM,1,5820,31,1/1/2018 12:00:00 AM,1,991,31,1/1/2018 12:00:00 AM,1,0,31,1/1/2018 12:00:00 AM,1,,,,,,,,,,,,,,,,,,,,,,,,,,,,,,,,,,,,,,,,,,,9/20/2017 11:13:04 PM,9/20/2017 11:13:04 PM,31,1,21,5820,0,991,21,5820,0,991,,,,,,,,,,,,,,,,,
05067100080000,88cf6f84-483c-40ed-bc4d-5875af027df6,N-COM,0,3182,530.333312988281,1543,31,1/1/2018 12:00:00 AM,1/1/2018 12:00:00 AM,,,,,,,,,,,,,,,,,,,,,,,,,,,,,,,,,,,,,,,,,,,,,,,,,,,,,,,,,,,,,,0,31,1/1/2018 12:00:00 AM,1,3182,31,1/1/2018 12:00:00 AM,1,530.333312988281,31,1/1/2018 12:00:00 AM,1,1543,31,1/1/2018 12:00:00 AM,1,,,,,,,,,,,,,,,,,,,,,,,,,,,,,,,,,,,,,,,,,,,9/20/2017 11:15:41 PM,9/20/2017 11:15:41 PM,31,1,0,3182,1543,530.333312988281,0,3182,1543,530.333312988281,,,,,,,,,,,,,,,,,
05045236590000,6902743f-5d37-4d33-89d7-73afc226573e,WFCM,15,4314,734,0,31,1/1/2018 12:00:00 AM,1/1/2018 12:00:00 AM,,,,,,,,,,,,,,,,,,,,,,,,,,,,,,,,,,,,,,,,,,,,,,,,,,,,,,,,,,,,,,15,31,1/1/2018 12:00:00 AM,1,4314,31,1/1/2018 12:00:00 AM,1,734,31,1/1/2018 12:00:00 AM,1,0,31,1/1/2018 12:00:00 AM,1,,,,,,,,,,,,,,,,,,,,,,,,,,,,,,,,,,,,,,,,,,,9/20/2017 11:13:04 PM,9/20/2017 11:13:04 PM,31,1,15,4314,0,734,15,4314,0,734,,,,,,,,,,,,,,,,,
05045236510000,5074ed6f-48eb-4f02-bde1-ace819cc5784,WFCM,22,6284,1069.33337402344,0,31,1/1/2018 12:00:00 AM,1/1/2018 12:00:00 AM,,,,,,,,,,,,,,,,,,,,,,,,,,,,,,,,,,,,,,,,,,,,,,,,,,,,,,,,,,,,,,22,31,1/1/2018 12:00:00 AM,1,6284,31,1/1/2018 12:00:00 AM,1,1069.33337402344,31,1/1/2018 12:00:00 AM,1,0,31,1/1/2018 12:00:00 AM,1,,,,,,,,,,,,,,,,,,,,,,,,,,,,,,,,,,,,,,,,,,,9/20/2017 11:13:04 PM,9/20/2017 11:13:04 PM,31,1,22,6284,0,1069.33337402344,22,6284,0,1069.33337402344,,,,,,,,,,,,,,,,,
05067100090000,86c1fefa-f306-492b-92f7-97e0147f0b76,N-COM,0,3084,514,851,31,1/1/2018 12:00:00 AM,1/1/2018 12:00:00 AM,,,,,,,,,,,,,,,,,,,,,,,,,,,,,,,,,,,,,,,,,,,,,,,,,,,,,,,,,,,,,,0,31,1/1/2018 12:00:00 AM,1,3084,31,1/1/2018 12:00:00 AM,1,514,31,1/1/2018 12:00:00 AM,1,851,31,1/1/2018 12:00:00 AM,1,,,,,,,,,,,,,,,,,,,,,,,,,,,,,,,,,,,,,,,,,,,9/26/2017 5:49:10 PM,9/26/2017 5:49:10 PM,31,1,0,3084,851,514,0,3084,851,514,,,,,,,,,,,,,,,,,
4304755780,3de68b9d-d88c-4ce4-b488-71b7d10b127a,WASATCH,14165,26403,18565.5,13280,31,1/1/2018 12:00:00 AM,1/1/2018 12:00:00 AM,,,,,,,,,,,,,,,,,,,,,,,,,,,,,,,,,,,,,,,,,,,,,,,,,,,,,,,,,,,,,,14165,31,1/1/2018 12:00:00 AM,1,26403,31,1/1/2018 12:00:00 AM,1,18565.5,31,1/1/2018 12:00:00 AM,1,13280,31,1/1/2018 12:00:00 AM,1,,,,,,,,,,,,,,,,,,,,,,,,,,,,,,,,,,,,,,,,,,,9/25/2017 10:21:13 AM,9/25/2017 10:21:13 AM,31,1,14165,26403,13280,18565.5,14165,26403,13280,18565.5,,,,,,,,,,,,,,,,,
4304755791,dd6df63b-ae53-491f-9497-15b817bfb173,CASTLE PEAK,5112,2362,5505.66650390625,10630,31,1/1/2018 12:00:00 AM,1/1/2018 12:00:00 AM,,,,,,,,,,,,,,,,,,,,,,,,,,,,,,,,,,,,,,,,,,,,,,,,,,,,,,,,,,,,,,5112,31,1/1/2018 12:00:00 AM,1,2362,31,1/1/2018 12:00:00 AM,1,5505.66650390625,31,1/1/2018 12:00:00 AM,1,10630,31,1/1/2018 12:00:00 AM,1,,,,,,,,,,,,,,,,,,,,,,,,,,,,,,,,,,,,,,,,,,,9/29/2017 12:26:20 PM,9/29/2017 12:26:20 PM,31,1,5112,2362,10630,5505.66650390625,5112,2362,10630,5505.66650390625,,,,,,,,,,,,,,,,,
17023232060000,0db69f39-926d-43bc-8a4a-653dbac0e975,,833,4050.63647460938,1508.10607910156,833,31,1/1/2018 12:00:00 AM,1/1/2018 12:00:00 AM,,,,,,,,,,,,,,,,,,,,,,,,,,,,,,,,,,,,,,,,,,,,,,,,,,,,,,,,,,,,,,833,31,1/1/2018 12:00:00 AM,1,4050.63647460938,31,1/1/2018 12:00:00 AM,1,1508.10607910156,31,1/1/2018 12:00:00 AM,1,833,31,1/1/2018 12:00:00 AM,1,,,,,,,,,,,,,,,,,,,,,,,,,,,,,,,,,,,,,,,,,,,10/4/2017 9:12:40 PM,10/4/2017 9:12:40 PM,31,1,833,4050.63647460938,833,1508.10607910156,833,4050.63647460938,833,1508.10607910156,,,,,,,,,,,,,,,,,
3002544061,7c5da16c-2ec2-4cce-9da6-68ba85244c4c,BONE SPRING,19097,32583,24527.5,65423,31,1/1/2018 12:00:00 AM,1/1/2018 12:00:00 AM,1/25/2018 12:00:00 AM,,,,,,,,,,,,,,,,,,,,,,,,,,,,,,,,,,,,,,,,,,,,,,,,,,,,,,,,,,,,,19097,31,1/1/2018 12:00:00 AM,1,32583,31,1/1/2018 12:00:00 AM,1,24527.5,31,1/1/2018 12:00:00 AM,1,65423,31,1/1/2018 12:00:00 AM,1,,,,,,,,,,,,,,,,,,,,,,,,,,,,,,,,,,,,,,,,,,,10/5/2017 2:26:41 AM,10/5/2017 2:26:41 AM,31,1,19097,32583,65423,24527.5,19097,32583,65423,24527.5,,,,,,,,,,,,,,,,,
3002544060,6e23825f-b2a2-4c43-9136-785b2a183e99,BONE SPRING,25760,40970,32588.333984375,92248,31,1/1/2018 12:00:00 AM,1/1/2018 12:00:00 AM,1/27/2018 12:00:00 AM,,,,,,,,,,,,,,,,,,,,,,,,,,,,,,,,,,,,,,,,,,,,,,,,,,,,,,,,,,,,,25760,31,1/1/2018 12:00:00 AM,1,40970,31,1/1/2018 12:00:00 AM,1,32588.333984375,31,1/1/2018 12:00:00 AM,1,92248,31,1/1/2018 12:00:00 AM,1,,,,,,,,,,,,,,,,,,,,,,,,,,,,,,,,,,,,,,,,,,,10/5/2017 2:27:03 AM,10/5/2017 2:27:03 AM,31,1,25760,40970,92248,32588.333984375,25760,40970,92248,32588.333984375,,,,,,,,,,,,,,,,,
3001544463,61dc199c-8b18-443e-8618-35eb5a472712,WOLFCAMP (GAS),273,1472,518.333312988281,23917,31,1/1/2018 12:00:00 AM,1/1/2018 12:00:00 AM,2/1/2018 12:00:00 AM,,,,,,,,,,,,,,,,,,,,,,,,,,,,,,,,,,,,,,,,,,,,,,,,,,,,,,,,,,,,,273,31,1/1/2018 12:00:00 AM,1,1472,31,1/1/2018 12:00:00 AM,1,518.333312988281,31,1/1/2018 12:00:00 AM,1,23917,31,1/1/2018 12:00:00 AM,1,,,,,,,,,,,,,,,,,,,,,,,,,,,,,,,,,,,,,,,,,,,10/24/2017 9:19:03 AM,10/24/2017 9:19:03 AM,31,1,273,1472,23917,518.333312988281,273,1472,23917,518.333312988281,,,,,,,,,,,,,,,,,
3002544103,7d00533e-552d-40c8-a21a-51eebb70de4f,BONE SPRING,4118,8907,5602.5,85769,31,1/1/2018 12:00:00 AM,1/1/2018 12:00:00 AM,1/28/2018 12:00:00 AM,,,,,,,,,,,,,,,,,,,,,,,,,,,,,,,,,,,,,,,,,,,,,,,,,,,,,,,,,,,,,4118,31,1/1/2018 12:00:00 AM,1,8907,31,1/1/2018 12:00:00 AM,1,5602.5,31,1/1/2018 12:00:00 AM,1,85769,31,1/1/2018 12:00:00 AM,1,,,,,,,,,,,,,,,,,,,,,,,,,,,,,,,,,,,,,,,,,,,10/24/2017 11:18:34 AM,10/24/2017 11:18:34 AM,31,1,4118,8907,85769,5602.5,4118,8907,85769,5602.5,,,,,,,,,,,,,,,,,
3002544123,4cdaedc4-9844-448b-991a-76da7e1d0293,CISCO,3587,4354,4312.66662597656,362,59,1/1/2018 12:00:00 AM,2/1/2018 12:00:00 AM,1/24/2018 12:00:00 AM,,,,,,,,,,,,,,,,,,,,,,,,,,,,,,,,,,,,,,,,,,,,,,,,,,,,,,,,,,,,,2337,28,2/1/2018 12:00:00 AM,2,2931,28,2/1/2018 12:00:00 AM,2,2825.5,28,2/1/2018 12:00:00 AM,2,301,31,1/1/2018 12:00:00 AM,1,,,,,,,,,,,,,,,,,,,,,,,,,,,,,,,,,,,,,,,,,,,10/24/2017 11:18:20 AM,10/24/2017 11:18:20 AM,59,2,1250,1423,301,1487.16662597656,2337,2931,61,2825.5,,,,,3587,,46.512623020967,4354,,51.4500170590242,4312.66662597656,,47.3662493018382,362,,79.734219269103,59
3001544499,a920e9a2-d3c5-4c39-951e-525c743d0528,SAN ANDRES,817,2019,1153.49996948242,22044,59,1/1/2018 12:00:00 AM,2/1/2018 12:00:00 AM,1/28/2018 12:00:00 AM,,,,,,,,,,,,,,,,,,,,,,,,,,,,,,,,,,,,,,,,,,,,,,,,,,,,,,,,,,,,,488,28,2/1/2018 12:00:00 AM,2,1673,28,2/1/2018 12:00:00 AM,2,766.833312988281,28,2/1/2018 12:00:00 AM,2,17406,28,2/1/2018 12:00:00 AM,2,,,,,,,,,,,,,,,,,,,,,,,,,,,,,,,,,,,,,,,,,,,11/7/2017 8:45:45 AM,11/7/2017 8:45:45 AM,59,2,329,346,4638,386.666656494141,488,1673,17406,766.833312988281,,,,,817,,32.5819672131148,2019,,79.3185893604304,1153.49996948242,,49.5761790802573,22044,,73.3540158566012,59
05067100100000,d5a69546-a42f-4d84-b014-2ef65161e569,FRLDC,0,5060,843.333312988281,1263,31,1/1/2018 12:00:00 AM,1/1/2018 12:00:00 AM,,,,,,,,,,,,,,,,,,,,,,,,,,,,,,,,,,,,,,,,,,,,,,,,,,,,,,,,,,,,,,0,31,1/1/2018 12:00:00 AM,1,5060,31,1/1/2018 12:00:00 AM,1,843.333312988281,31,1/1/2018 12:00:00 AM,1,1263,31,1/1/2018 12:00:00 AM,1,,,,,,,,,,,,,,,,,,,,,,,,,,,,,,,,,,,,,,,,,,,11/15/2017 11:53:58 PM,11/15/2017 11:53:58 PM,31,1,0,5060,1263,843.333312988281,0,5060,1263,843.333312988281,,,,,,,,,,,,,,,,,
05067100110000,3afd0837-9b69-4523-bdf4-b7304f626fb1,N-COM,0,1277,212.83332824707,402,31,1/1/2018 12:00:00 AM,1/1/2018 12:00:00 AM,,,,,,,,,,,,,,,,,,,,,,,,,,,,,,,,,,,,,,,,,,,,,,,,,,,,,,,,,,,,,,0,31,1/1/2018 12:00:00 AM,1,1277,31,1/1/2018 12:00:00 AM,1,212.83332824707,31,1/1/2018 12:00:00 AM,1,402,31,1/1/2018 12:00:00 AM,1,,,,,,,,,,,,,,,,,,,,,,,,,,,,,,,,,,,,,,,,,,,11/15/2017 2:45:34 PM,11/15/2017 2:45:34 PM,31,1,0,1277,402,212.83332824707,0,1277,402,212.83332824707,,,,,,,,,,,,,,,,,
17113225110000,53cc3209-b120-47ff-bc24-ecda794808ec,,11290,582,11387,11290,31,1/1/2018 12:00:00 AM,1/1/2018 12:00:00 AM,1/3/2018 12:00:00 AM,396,,,,,,,,,,,,,,,,,,,,,,,,,,,,,,,,,,,,,,,,,,,,,,,,,,,,,,,,,,,,11290,31,1/1/2018 12:00:00 AM,1,582,31,1/1/2018 12:00:00 AM,1,11387,31,1/1/2018 12:00:00 AM,1,11290,31,1/1/2018 12:00:00 AM,1,,,,,,,,,,,,,,,,,,,,,,,,,,,,,,,,,,,,,,,,,,,12/7/2017 5:31:11 PM,12/7/2017 5:31:11 PM,31,1,11290,582,11290,11387,11290,582,11290,11387,,,,,,,,,,,,,,,,,
608114068201,c78fa858-3165-4921-bb4d-eabb14ca9f79,,,,,,,,,,,,,,,,,,,,,,,,,,,,,,,,,,,,,,,,,,,,,,,,,,,,,,,,,,,,,,,,,,,,,,,,,,,,,,,,,,,,,,,,,,,,,,,,,,,,,,,,,,,,,,,,,,,,,,,,,,,,,,,,10/4/2017 6:32:20 PM,10/4/2017 6:32:20 PM,,,,,,,,,,,,,,,,,,,,,,,,,,,
05075060630000,c42ab934-aa43-4962-8314-e5dfa9e7542d,JSND,0,0,0,180,28,2/1/2018 12:00:00 AM,2/1/2018 12:00:00 AM,,,,,,,,,,,,,,,,,,,,,,,,,,,,,,,,,,,,,,,,,,,,,,,,,,,,,,,,,,,,,,0,28,2/1/2018 12:00:00 AM,1,0,28,2/1/2018 12:00:00 AM,1,0,28,2/1/2018 12:00:00 AM,1,180,28,2/1/2018 12:00:00 AM,1,,,,,,,,,,,,,,,,,,,,,,,,,,,,,,,,,,,,,,,,,,,9/23/2017 2:51:30 AM,9/23/2017 2:51:30 AM,28,1,0,0,180,0,0,0,180,0,,,,,,,,,,,,,,,,,
35111273400000,2267d4e9-7aeb-495a-831c-b03cd3ef64ab,DUTCHER,0,1410,235,0,59,2/1/2018 12:00:00 AM,3/1/2018 12:00:00 AM,7/2/2010 12:00:00 AM,,,,,,,,,,,,,,,,,,,,,,,,,,,,,,,,,,,,,,,,,,,,,,,,,,,,,,,,,,,,,0,28,2/1/2018 12:00:00 AM,1,750,31,3/1/2018 12:00:00 AM,2,125,31,3/1/2018 12:00:00 AM,2,0,28,2/1/2018 12:00:00 AM,1,,,,,,,,,,,,,,,,,,,,,,,,,,,,,,,,,,,,,,,,,,,10/9/2017 8:00:27 AM,10/9/2017 8:00:27 AM,59,2,0,660,0,110,0,750,0,125,,,,,0,,0,1410,,12,235,,12,0,,0,59
33061037480000,3b2c0ad8-55c4-47fb-82c5-1fd5190d98b7,BAKKEN,1385,942,1542,2517,28,2/1/2018 12:00:00 AM,2/1/2018 12:00:00 AM,,,,,,,,,,,,,,,,,,,,,,,,,,,,,,,,,,,,,,,,,,,,,,,,,,,,,,,,,,,,,,1385,28,2/1/2018 12:00:00 AM,1,942,28,2/1/2018 12:00:00 AM,1,1542,28,2/1/2018 12:00:00 AM,1,2517,28,2/1/2018 12:00:00 AM,1,,,,,,,,,,,,,,,,,,,,,,,,,,,,,,,,,,,,,,,,,,,11/21/2017 6:26:24 AM,11/21/2017 6:26:24 AM,28,1,1385,942,2517,1542,1385,942,2517,1542,,,,,,,,,,,,,,,,,
33061037350000,69f2fd8e-348f-4999-a321-3f3638441b56,BAKKEN,23019,0,23019,1202,28,2/1/2018 12:00:00 AM,2/1/2018 12:00:00 AM,,,,,,,,,,,,,,,,,,,,,,,,,,,,,,,,,,,,,,,,,,,,,,,,,,,,,,,,,,,,,,23019,28,2/1/2018 12:00:00 AM,1,0,28,2/1/2018 12:00:00 AM,1,23019,28,2/1/2018 12:00:00 AM,1,1202,28,2/1/2018 12:00:00 AM,1,,,,,,,,,,,,,,,,,,,,,,,,,,,,,,,,,,,,,,,,,,,11/21/2017 6:26:22 AM,11/21/2017 6:26:22 AM,28,1,23019,0,1202,23019,23019,0,1202,23019,,,,,,,,,,,,,,,,,
33061037300000,6fac8770-eddf-45d8-9911-6da8143d7684,,,,,,,,,,,,,,,,,,,,,,,,,,,,,,,,,,,,,,,,,,,,,,,,,,,,,,,,,,,,,,,,,,,,,,,,,,,,,,,,,,,,,,,,,,,,,,,,,,,,,,,,,,,,,,,,,,,,,,,,,,,,,,,,11/21/2017 6:26:24 AM,11/21/2017 6:26:24 AM,,,,,,,,,,,,,,,,,,,,,,,,,,,
33061037310000,fc897859-caa8-4111-bb29-75fa22bff97b,BAKKEN,7193,0,7193,7532,28,2/1/2018 12:00:00 AM,2/1/2018 12:00:00 AM,,,,,,,,,,,,,,,,,,,,,,,,,,,,,,,,,,,,,,,,,,,,,,,,,,,,,,,,,,,,,,7193,28,2/1/2018 12:00:00 AM,1,0,28,2/1/2018 12:00:00 AM,1,7193,28,2/1/2018 12:00:00 AM,1,7532,28,2/1/2018 12:00:00 AM,1,,,,,,,,,,,,,,,,,,,,,,,,,,,,,,,,,,,,,,,,,,,11/21/2017 6:26:24 AM,11/21/2017 6:26:24 AM,28,1,7193,0,7532,7193,7193,0,7532,7193,,,,,,,,,,,,,,,,,
33061037330000,a987d40d-5355-4f4e-9860-7c16d1e9400d,BAKKEN,14822,0,14822,1047,28,2/1/2018 12:00:00 AM,2/1/2018 12:00:00 AM,,,,,,,,,,,,,,,,,,,,,,,,,,,,,,,,,,,,,,,,,,,,,,,,,,,,,,,,,,,,,,14822,28,2/1/2018 12:00:00 AM,1,0,28,2/1/2018 12:00:00 AM,1,14822,28,2/1/2018 12:00:00 AM,1,1047,28,2/1/2018 12:00:00 AM,1,,,,,,,,,,,,,,,,,,,,,,,,,,,,,,,,,,,,,,,,,,,11/21/2017 6:26:22 AM,11/21/2017 6:26:22 AM,28,1,14822,0,1047,14822,14822,0,1047,14822,,,,,,,,,,,,,,,,,
33061037320000,e2e47adf-d549-403c-8e43-a007cbeb288e,BAKKEN,9850,0,9850,22230,28,2/1/2018 12:00:00 AM,2/1/2018 12:00:00 AM,,,,,,,,,,,,,,,,,,,,,,,,,,,,,,,,,,,,,,,,,,,,,,,,,,,,,,,,,,,,,,9850,28,2/1/2018 12:00:00 AM,1,0,28,2/1/2018 12:00:00 AM,1,9850,28,2/1/2018 12:00:00 AM,1,22230,28,2/1/2018 12:00:00 AM,1,,,,,,,,,,,,,,,,,,,,,,,,,,,,,,,,,,,,,,,,,,,11/21/2017 6:26:24 AM,11/21/2017 6:26:24 AM,28,1,9850,0,22230,9850,9850,0,22230,9850,,,,,,,,,,,,,,,,,
33061037340000,1d6547be-94ae-4a33-a2ee-cbe94b668268,BAKKEN,11514,0,11514,1034,28,2/1/2018 12:00:00 AM,2/1/2018 12:00:00 AM,,,,,,,,,,,,,,,,,,,,,,,,,,,,,,,,,,,,,,,,,,,,,,,,,,,,,,,,,,,,,,11514,28,2/1/2018 12:00:00 AM,1,0,28,2/1/2018 12:00:00 AM,1,11514,28,2/1/2018 12:00:00 AM,1,1034,28,2/1/2018 12:00:00 AM,1,,,,,,,,,,,,,,,,,,,,,,,,,,,,,,,,,,,,,,,,,,,11/21/2017 6:26:22 AM,11/21/2017 6:26:22 AM,28,1,11514,0,1034,11514,11514,0,1034,11514,,,,,,,,,,,,,,,,,
33105040880000,b3b95213-7592-4b86-8d01-0437e3b4b137,BAKKEN,120,133,142.16667175293,1134,28,2/1/2018 12:00:00 AM,2/1/2018 12:00:00 AM,,,,,,,,,,,,,,,,,,,,,,,,,,,,,,,,,,,,,,,,,,,,,,,,,,,,,,,,,,,,,,120,28,2/1/2018 12:00:00 AM,1,133,28,2/1/2018 12:00:00 AM,1,142.16667175293,28,2/1/2018 12:00:00 AM,1,1134,28,2/1/2018 12:00:00 AM,1,,,,,,,,,,,,,,,,,,,,,,,,,,,,,,,,,,,,,,,,,,,11/21/2017 6:34:41 AM,11/21/2017 6:34:41 AM,28,1,120,133,1134,142.16667175293,120,133,1134,142.16667175293,,,,,,,,,,,,,,,,,
33105040890000,5d445147-0b75-4718-8c4f-74113b1398c0,BAKKEN,52,52,60.6666679382324,631,28,2/1/2018 12:00:00 AM,2/1/2018 12:00:00 AM,,,,,,,,,,,,,,,,,,,,,,,,,,,,,,,,,,,,,,,,,,,,,,,,,,,,,,,,,,,,,,52,28,2/1/2018 12:00:00 AM,1,52,28,2/1/2018 12:00:00 AM,1,60.6666679382324,28,2/1/2018 12:00:00 AM,1,631,28,2/1/2018 12:00:00 AM,1,,,,,,,,,,,,,,,,,,,,,,,,,,,,,,,,,,,,,,,,,,,11/21/2017 6:34:41 AM,11/21/2017 6:34:41 AM,28,1,52,52,631,60.6666679382324,52,52,631,60.6666679382324,,,,,,,,,,,,,,,,,
33025029710000,a38daad7-a41d-48c0-a592-113f44562dbf,BAKKEN,6263,819,6399.5,290,28,2/1/2018 12:00:00 AM,2/1/2018 12:00:00 AM,,,,,,,,,,,,,,,,,,,,,,,,,,,,,,,,,,,,,,,,,,,,,,,,,,,,,,,,,,,,,,6263,28,2/1/2018 12:00:00 AM,1,819,28,2/1/2018 12:00:00 AM,1,6399.5,28,2/1/2018 12:00:00 AM,1,290,28,2/1/2018 12:00:00 AM,1,,,,,,,,,,,,,,,,,,,,,,,,,,,,,,,,,,,,,,,,,,,9/20/2017 11:41:40 PM,9/20/2017 11:41:40 PM,28,1,6263,819,290,6399.5,6263,819,290,6399.5,,,,,,,,,,,,,,,,,
33025029700000,c97488fd-8143-4f3c-ad6f-ef2c0c9ca55f,BAKKEN,405,317,457.833343505859,185,28,2/1/2018 12:00:00 AM,2/1/2018 12:00:00 AM,,,,,,,,,,,,,,,,,,,,,,,,,,,,,,,,,,,,,,,,,,,,,,,,,,,,,,,,,,,,,,405,28,2/1/2018 12:00:00 AM,1,317,28,2/1/2018 12:00:00 AM,1,457.833343505859,28,2/1/2018 12:00:00 AM,1,185,28,2/1/2018 12:00:00 AM,1,,,,,,,,,,,,,,,,,,,,,,,,,,,,,,,,,,,,,,,,,,,9/20/2017 10:36:22 PM,9/20/2017 10:36:22 PM,28,1,405,317,185,457.833343505859,405,317,185,457.833343505859,,,,,,,,,,,,,,,,,
33053071010000,ceb19169-c39d-4e4c-863c-3e2f45f95756,BAKKEN,726,669,837.5,3,28,2/1/2018 12:00:00 AM,2/1/2018 12:00:00 AM,,,,,,,,,,,,,,,,,,,,,,,,,,,,,,,,,,,,,,,,,,,,,,,,,,,,,,,,,,,,,,726,28,2/1/2018 12:00:00 AM,1,669,28,2/1/2018 12:00:00 AM,1,837.5,28,2/1/2018 12:00:00 AM,1,3,28,2/1/2018 12:00:00 AM,1,,,,,,,,,,,,,,,,,,,,,,,,,,,,,,,,,,,,,,,,,,,11/21/2017 6:21:23 AM,11/21/2017 6:21:23 AM,28,1,726,669,3,837.5,726,669,3,837.5,,,,,,,,,,,,,,,,,
33053071000000,8b5c70ee-3cdb-4ba9-bf71-7878fafddb90,BAKKEN,459,321,512.5,2,28,2/1/2018 12:00:00 AM,2/1/2018 12:00:00 AM,,,,,,,,,,,,,,,,,,,,,,,,,,,,,,,,,,,,,,,,,,,,,,,,,,,,,,,,,,,,,,459,28,2/1/2018 12:00:00 AM,1,321,28,2/1/2018 12:00:00 AM,1,512.5,28,2/1/2018 12:00:00 AM,1,2,28,2/1/2018 12:00:00 AM,1,,,,,,,,,,,,,,,,,,,,,,,,,,,,,,,,,,,,,,,,,,,11/21/2017 6:21:23 AM,11/21/2017 6:21:23 AM,28,1,459,321,2,512.5,459,321,2,512.5,,,,,,,,,,,,,,,,,
33053070990000,19b5f697-0bbd-4dc4-9d75-a70d530604ec,BAKKEN,534,1061,710.833312988281,3,28,2/1/2018 12:00:00 AM,2/1/2018 12:00:00 AM,,,,,,,,,,,,,,,,,,,,,,,,,,,,,,,,,,,,,,,,,,,,,,,,,,,,,,,,,,,,,,534,28,2/1/2018 12:00:00 AM,1,1061,28,2/1/2018 12:00:00 AM,1,710.833312988281,28,2/1/2018 12:00:00 AM,1,3,28,2/1/2018 12:00:00 AM,1,,,,,,,,,,,,,,,,,,,,,,,,,,,,,,,,,,,,,,,,,,,11/21/2017 6:21:23 AM,11/21/2017 6:21:23 AM,28,1,534,1061,3,710.833312988281,534,1061,3,710.833312988281,,,,,,,,,,,,,,,,,
33053071020000,2f3b5134-3e25-49f2-b4f3-bc5e73cbc0ec,BAKKEN,735,636,841,2,28,2/1/2018 12:00:00 AM,2/1/2018 12:00:00 AM,,,,,,,,,,,,,,,,,,,,,,,,,,,,,,,,,,,,,,,,,,,,,,,,,,,,,,,,,,,,,,735,28,2/1/2018 12:00:00 AM,1,636,28,2/1/2018 12:00:00 AM,1,841,28,2/1/2018 12:00:00 AM,1,2,28,2/1/2018 12:00:00 AM,1,,,,,,,,,,,,,,,,,,,,,,,,,,,,,,,,,,,,,,,,,,,11/21/2017 6:21:23 AM,11/21/2017 6:21:23 AM,28,1,735,636,2,841,735,636,2,841,,,,,,,,,,,,,,,,,
33105041300000,1c05612b-23d3-4276-a5ad-266bf57ae269,BAKKEN,419,122,439.333343505859,1753,28,2/1/2018 12:00:00 AM,2/1/2018 12:00:00 AM,,,,,,,,,,,,,,,,,,,,,,,,,,,,,,,,,,,,,,,,,,,,,,,,,,,,,,,,,,,,,,419,28,2/1/2018 12:00:00 AM,1,122,28,2/1/2018 12:00:00 AM,1,439.333343505859,28,2/1/2018 12:00:00 AM,1,1753,28,2/1/2018 12:00:00 AM,1,,,,,,,,,,,,,,,,,,,,,,,,,,,,,,,,,,,,,,,,,,,11/21/2017 6:34:41 AM,11/21/2017 6:34:41 AM,28,1,419,122,1753,439.333343505859,419,122,1753,439.333343505859,,,,,,,,,,,,,,,,,
33053075580000,9c6ee907-4d2a-4053-956a-483d4fa6b251,BAKKEN,9383,12463,11460.1669921875,29534,28,2/1/2018 12:00:00 AM,2/1/2018 12:00:00 AM,,,,,,,,,,,,,,,,,,,,,,,,,,,,,,,,,,,,,,,,,,,,,,,,,,,,,,,,,,,,,,9383,28,2/1/2018 12:00:00 AM,1,12463,28,2/1/2018 12:00:00 AM,1,11460.1669921875,28,2/1/2018 12:00:00 AM,1,29534,28,2/1/2018 12:00:00 AM,1,,,,,,,,,,,,,,,,,,,,,,,,,,,,,,,,,,,,,,,,,,,11/21/2017 6:21:45 AM,11/21/2017 6:21:45 AM,28,1,9383,12463,29534,11460.1669921875,9383,12463,29534,11460.1669921875,,,,,,,,,,,,,,,,,
33053075570000,1283a5c5-57d9-4d27-b253-be121ab48c41,BAKKEN,14482,20652,17924,31604,28,2/1/2018 12:00:00 AM,2/1/2018 12:00:00 AM,,,,,,,,,,,,,,,,,,,,,,,,,,,,,,,,,,,,,,,,,,,,,,,,,,,,,,,,,,,,,,14482,28,2/1/2018 12:00:00 AM,1,20652,28,2/1/2018 12:00:00 AM,1,17924,28,2/1/2018 12:00:00 AM,1,31604,28,2/1/2018 12:00:00 AM,1,,,,,,,,,,,,,,,,,,,,,,,,,,,,,,,,,,,,,,,,,,,11/21/2017 6:21:46 AM,11/21/2017 6:21:46 AM,28,1,14482,20652,31604,17924,14482,20652,31604,17924,,,,,,,,,,,,,,,,,
33105042860000,b2d32f11-6448-4d18-ab2d-35ac0a428028,BAKKEN,57,61,67.1666641235352,598,28,2/1/2018 12:00:00 AM,2/1/2018 12:00:00 AM,,,,,,,,,,,,,,,,,,,,,,,,,,,,,,,,,,,,,,,,,,,,,,,,,,,,,,,,,,,,,,57,28,2/1/2018 12:00:00 AM,1,61,28,2/1/2018 12:00:00 AM,1,67.1666641235352,28,2/1/2018 12:00:00 AM,1,598,28,2/1/2018 12:00:00 AM,1,,,,,,,,,,,,,,,,,,,,,,,,,,,,,,,,,,,,,,,,,,,11/21/2017 6:34:47 AM,11/21/2017 6:34:47 AM,28,1,57,61,598,67.1666641235352,57,61,598,67.1666641235352,,,,,,,,,,,,,,,,,
33105042850000,6b019cfa-1b03-4834-aff2-412bcd95cf58,BAKKEN,0,0,0,598,28,2/1/2018 12:00:00 AM,2/1/2018 12:00:00 AM,,,,,,,,,,,,,,,,,,,,,,,,,,,,,,,,,,,,,,,,,,,,,,,,,,,,,,,,,,,,,,0,28,2/1/2018 12:00:00 AM,1,0,28,2/1/2018 12:00:00 AM,1,0,28,2/1/2018 12:00:00 AM,1,598,28,2/1/2018 12:00:00 AM,1,,,,,,,,,,,,,,,,,,,,,,,,,,,,,,,,,,,,,,,,,,,11/21/2017 6:34:47 AM,11/21/2017 6:34:47 AM,28,1,0,0,598,0,0,0,598,0,,,,,,,,,,,,,,,,,
33105042840000,e10165a7-0e1f-4aef-b560-909743941134,,,,,,,,,,,,,,,,,,,,,,,,,,,,,,,,,,,,,,,,,,,,,,,,,,,,,,,,,,,,,,,,,,,,,,,,,,,,,,,,,,,,,,,,,,,,,,,,,,,,,,,,,,,,,,,,,,,,,,,,,,,,,,,,11/21/2017 6:34:47 AM,11/21/2017 6:34:47 AM,,,,,,,,,,,,,,,,,,,,,,,,,,,
33053077240000,f191ab6a-c392-46f4-847c-4a1cfec1ddba,BAKKEN,6658,8156,8017.33349609375,7082,28,2/1/2018 12:00:00 AM,2/1/2018 12:00:00 AM,,,,,,,,,,,,,,,,,,,,,,,,,,,,,,,,,,,,,,,,,,,,,,,,,,,,,,,,,,,,,,6658,28,2/1/2018 12:00:00 AM,1,8156,28,2/1/2018 12:00:00 AM,1,8017.33349609375,28,2/1/2018 12:00:00 AM,1,7082,28,2/1/2018 12:00:00 AM,1,,,,,,,,,,,,,,,,,,,,,,,,,,,,,,,,,,,,,,,,,,,9/20/2017 10:46:21 PM,9/20/2017 10:46:21 PM,28,1,6658,8156,7082,8017.33349609375,6658,8156,7082,8017.33349609375,,,,,,,,,,,,,,,,,
33053077230000,1d1ec529-27b3-4c53-a102-db27cade41e3,BAKKEN,15201,16981,18031.166015625,14977,28,2/1/2018 12:00:00 AM,2/1/2018 12:00:00 AM,,,,,,,,,,,,,,,,,,,,,,,,,,,,,,,,,,,,,,,,,,,,,,,,,,,,,,,,,,,,,,15201,28,2/1/2018 12:00:00 AM,1,16981,28,2/1/2018 12:00:00 AM,1,18031.166015625,28,2/1/2018 12:00:00 AM,1,14977,28,2/1/2018 12:00:00 AM,1,,,,,,,,,,,,,,,,,,,,,,,,,,,,,,,,,,,,,,,,,,,9/20/2017 10:31:03 PM,9/20/2017 10:31:03 PM,28,1,15201,16981,14977,18031.166015625,15201,16981,14977,18031.166015625,,,,,,,,,,,,,,,,,
33105043740000,c0593093-747b-4300-bb2b-6984d5b26e54,BAKKEN,2529,2564,2956.33325195313,13860,28,2/1/2018 12:00:00 AM,2/1/2018 12:00:00 AM,,,,,,,,,,,,,,,,,,,,,,,,,,,,,,,,,,,,,,,,,,,,,,,,,,,,,,,,,,,,,,2529,28,2/1/2018 12:00:00 AM,1,2564,28,2/1/2018 12:00:00 AM,1,2956.33325195313,28,2/1/2018 12:00:00 AM,1,13860,28,2/1/2018 12:00:00 AM,1,,,,,,,,,,,,,,,,,,,,,,,,,,,,,,,,,,,,,,,,,,,11/21/2017 6:34:46 AM,11/21/2017 6:34:46 AM,28,1,2529,2564,13860,2956.33325195313,2529,2564,13860,2956.33325195313,,,,,,,,,,,,,,,,,
33105043730000,e81c8b3f-90eb-4624-ba30-8fe7148bfa35,BAKKEN,173,226,210.66667175293,10656,28,2/1/2018 12:00:00 AM,2/1/2018 12:00:00 AM,,,,,,,,,,,,,,,,,,,,,,,,,,,,,,,,,,,,,,,,,,,,,,,,,,,,,,,,,,,,,,173,28,2/1/2018 12:00:00 AM,1,226,28,2/1/2018 12:00:00 AM,1,210.66667175293,28,2/1/2018 12:00:00 AM,1,10656,28,2/1/2018 12:00:00 AM,1,,,,,,,,,,,,,,,,,,,,,,,,,,,,,,,,,,,,,,,,,,,11/21/2017 6:34:46 AM,11/21/2017 6:34:46 AM,28,1,173,226,10656,210.66667175293,173,226,10656,210.66667175293,,,,,,,,,,,,,,,,,
33105043760000,90866b38-4325-4a18-bc06-b6006aaa5b45,BAKKEN,17780,15723,20400.5,47799,28,2/1/2018 12:00:00 AM,2/1/2018 12:00:00 AM,,,,,,,,,,,,,,,,,,,,,,,,,,,,,,,,,,,,,,,,,,,,,,,,,,,,,,,,,,,,,,17780,28,2/1/2018 12:00:00 AM,1,15723,28,2/1/2018 12:00:00 AM,1,20400.5,28,2/1/2018 12:00:00 AM,1,47799,28,2/1/2018 12:00:00 AM,1,,,,,,,,,,,,,,,,,,,,,,,,,,,,,,,,,,,,,,,,,,,11/21/2017 6:34:46 AM,11/21/2017 6:34:46 AM,28,1,17780,15723,47799,20400.5,17780,15723,47799,20400.5,,,,,,,,,,,,,,,,,
33105043750000,c28b0732-3a96-42a8-a08e-d02a85ce4d01,BAKKEN,8048,7576,9310.6669921875,28121,28,2/1/2018 12:00:00 AM,2/1/2018 12:00:00 AM,,,,,,,,,,,,,,,,,,,,,,,,,,,,,,,,,,,,,,,,,,,,,,,,,,,,,,,,,,,,,,8048,28,2/1/2018 12:00:00 AM,1,7576,28,2/1/2018 12:00:00 AM,1,9310.6669921875,28,2/1/2018 12:00:00 AM,1,28121,28,2/1/2018 12:00:00 AM,1,,,,,,,,,,,,,,,,,,,,,,,,,,,,,,,,,,,,,,,,,,,11/21/2017 6:34:46 AM,11/21/2017 6:34:46 AM,28,1,8048,7576,28121,9310.6669921875,8048,7576,28121,9310.6669921875,,,,,,,,,,,,,,,,,
33105043720000,aa65195f-b274-4a20-a391-fa20064147ae,,,,,,,,,,,,,,,,,,,,,,,,,,,,,,,,,,,,,,,,,,,,,,,,,,,,,,,,,,,,,,,,,,,,,,,,,,,,,,,,,,,,,,,,,,,,,,,,,,,,,,,,,,,,,,,,,,,,,,,,,,,,,,,,11/21/2017 6:34:46 AM,11/21/2017 6:34:46 AM,,,,,,,,,,,,,,,,,,,,,,,,,,,
33105043820000,d718013d-9609-4bde-9614-03ebba327b44,BAKKEN,523,688,637.666687011719,18434,28,2/1/2018 12:00:00 AM,2/1/2018 12:00:00 AM,,,,,,,,,,,,,,,,,,,,,,,,,,,,,,,,,,,,,,,,,,,,,,,,,,,,,,,,,,,,,,523,28,2/1/2018 12:00:00 AM,1,688,28,2/1/2018 12:00:00 AM,1,637.666687011719,28,2/1/2018 12:00:00 AM,1,18434,28,2/1/2018 12:00:00 AM,1,,,,,,,,,,,,,,,,,,,,,,,,,,,,,,,,,,,,,,,,,,,9/20/2017 10:56:06 PM,9/20/2017 10:56:06 PM,28,1,523,688,18434,637.666687011719,523,688,18434,637.666687011719,,,,,,,,,,,,,,,,,
33053079640000,5c48a9ad-b6e5-40cb-9e82-2505f5923c1e,SANISH,3045,0,3045,2837,28,2/1/2018 12:00:00 AM,2/1/2018 12:00:00 AM,,,,,,,,,,,,,,,,,,,,,,,,,,,,,,,,,,,,,,,,,,,,,,,,,,,,,,,,,,,,,,3045,28,2/1/2018 12:00:00 AM,1,0,28,2/1/2018 12:00:00 AM,1,3045,28,2/1/2018 12:00:00 AM,1,2837,28,2/1/2018 12:00:00 AM,1,,,,,,,,,,,,,,,,,,,,,,,,,,,,,,,,,,,,,,,,,,,10/7/2017 8:18:35 AM,10/7/2017 8:18:35 AM,28,1,3045,0,2837,3045,3045,0,2837,3045,,,,,,,,,,,,,,,,,
3002543909,f47b585e-534f-46fa-b44e-3dc26ef41de2,BONE SPRING,2976,0,2976,56915,28,2/1/2018 12:00:00 AM,2/1/2018 12:00:00 AM,,,,,,,,,,,,,,,,,,,,,,,,,,,,,,,,,,,,,,,,,,,,,,,,,,,,,,,,,,,,,,2976,28,2/1/2018 12:00:00 AM,1,0,28,2/1/2018 12:00:00 AM,1,2976,28,2/1/2018 12:00:00 AM,1,56915,28,2/1/2018 12:00:00 AM,1,,,,,,,,,,,,,,,,,,,,,,,,,,,,,,,,,,,,,,,,,,,9/22/2017 1:00:07 PM,9/22/2017 1:00:07 PM,28,1,2976,0,56915,2976,2976,0,56915,2976,,,,,,,,,,,,,,,,,
33053080090000,78a41e29-dc94-44bd-b5a0-134374148554,BAKKEN,749,2110,1100.66662597656,1,28,2/1/2018 12:00:00 AM,2/1/2018 12:00:00 AM,,,,,,,,,,,,,,,,,,,,,,,,,,,,,,,,,,,,,,,,,,,,,,,,,,,,,,,,,,,,,,749,28,2/1/2018 12:00:00 AM,1,2110,28,2/1/2018 12:00:00 AM,1,1100.66662597656,28,2/1/2018 12:00:00 AM,1,1,28,2/1/2018 12:00:00 AM,1,,,,,,,,,,,,,,,,,,,,,,,,,,,,,,,,,,,,,,,,,,,11/21/2017 6:23:05 AM,11/21/2017 6:23:05 AM,28,1,749,2110,1,1100.66662597656,749,2110,1,1100.66662597656,,,,,,,,,,,,,,,,,
33007018860000,29769e68-50d2-43cd-880d-39cbc59512bf,BAKKEN,7430,8198,8796.3330078125,12717,28,2/1/2018 12:00:00 AM,2/1/2018 12:00:00 AM,,,,,,,,,,,,,,,,,,,,,,,,,,,,,,,,,,,,,,,,,,,,,,,,,,,,,,,,,,,,,,7430,28,2/1/2018 12:00:00 AM,1,8198,28,2/1/2018 12:00:00 AM,1,8796.3330078125,28,2/1/2018 12:00:00 AM,1,12717,28,2/1/2018 12:00:00 AM,1,,,,,,,,,,,,,,,,,,,,,,,,,,,,,,,,,,,,,,,,,,,11/21/2017 6:03:19 AM,11/21/2017 6:03:19 AM,28,1,7430,8198,12717,8796.3330078125,7430,8198,12717,8796.3330078125,,,,,,,,,,,,,,,,,
33053080100000,50fc8975-ab61-4f61-83fe-45426b8449f7,BAKKEN,675,2300,1058.33337402344,3,28,2/1/2018 12:00:00 AM,2/1/2018 12:00:00 AM,,,,,,,,,,,,,,,,,,,,,,,,,,,,,,,,,,,,,,,,,,,,,,,,,,,,,,,,,,,,,,675,28,2/1/2018 12:00:00 AM,1,2300,28,2/1/2018 12:00:00 AM,1,1058.33337402344,28,2/1/2018 12:00:00 AM,1,3,28,2/1/2018 12:00:00 AM,1,,,,,,,,,,,,,,,,,,,,,,,,,,,,,,,,,,,,,,,,,,,11/21/2017 6:23:05 AM,11/21/2017 6:23:05 AM,28,1,675,2300,3,1058.33337402344,675,2300,3,1058.33337402344,,,,,,,,,,,,,,,,,
33053080110000,cc3de677-405b-4bc1-938c-ad64aa99b4de,BAKKEN,1420,4573,2182.16674804688,3,28,2/1/2018 12:00:00 AM,2/1/2018 12:00:00 AM,,,,,,,,,,,,,,,,,,,,,,,,,,,,,,,,,,,,,,,,,,,,,,,,,,,,,,,,,,,,,,1420,28,2/1/2018 12:00:00 AM,1,4573,28,2/1/2018 12:00:00 AM,1,2182.16674804688,28,2/1/2018 12:00:00 AM,1,3,28,2/1/2018 12:00:00 AM,1,,,,,,,,,,,,,,,,,,,,,,,,,,,,,,,,,,,,,,,,,,,11/21/2017 6:23:05 AM,11/21/2017 6:23:05 AM,28,1,1420,4573,3,2182.16674804688,1420,4573,3,2182.16674804688,,,,,,,,,,,,,,,,,
4304755745,98d604a3-36b0-485e-9044-58e648cca2ea,MANCOS B,1928,6529,3016.16674804688,28230,28,2/1/2018 12:00:00 AM,2/1/2018 12:00:00 AM,,,,,,,,,,,,,,,,,,,,,,,,,,,,,,,,,,,,,,,,,,,,,,,,,,,,,,,,,,,,,,1928,28,2/1/2018 12:00:00 AM,1,6529,28,2/1/2018 12:00:00 AM,1,3016.16674804688,28,2/1/2018 12:00:00 AM,1,28230,28,2/1/2018 12:00:00 AM,1,,,,,,,,,,,,,,,,,,,,,,,,,,,,,,,,,,,,,,,,,,,9/6/2017 11:11:58 AM,9/6/2017 11:11:58 AM,28,1,1928,6529,28230,3016.16674804688,1928,6529,28230,3016.16674804688,,,,,,,,,,,,,,,,,
35123026590000,90c84244-ef2a-4ebd-8e3c-5274541d6e63,UNKNOWN FORMATION,0,919,153.16667175293,0,31,3/1/2018 12:00:00 AM,3/1/2018 12:00:00 AM,,,,,,,,,,,,,,,,,,,,,,,,,,,,,,,,,,,,,,,,,,,,,,,,,,,,,,,,,,,,,,0,31,3/1/2018 12:00:00 AM,1,919,31,3/1/2018 12:00:00 AM,1,153.16667175293,31,3/1/2018 12:00:00 AM,1,0,31,3/1/2018 12:00:00 AM,1,,,,,,,,,,,,,,,,,,,,,,,,,,,,,,,,,,,,,,,,,,,11/22/2017 1:39:46 AM,11/22/2017 1:39:46 AM,31,1,0,919,0,153.16667175293,0,919,0,153.16667175293,,,,,,,,,,,,,,,,,
35107235910000,47c7d40b-fd65-4816-82b9-fc7012787636,GILCREASE,0,62,10.3333330154419,0,31,3/1/2018 12:00:00 AM,3/1/2018 12:00:00 AM,11/29/2017 12:00:00 AM,,,,,,,,,,,,,,,,,,,,,,,,,,,,,,,,,,,,,,,,,,,,,,,,,,,,,,,,,,,,,0,31,3/1/2018 12:00:00 AM,1,62,31,3/1/2018 12:00:00 AM,1,10.3333330154419,31,3/1/2018 12:00:00 AM,1,0,31,3/1/2018 12:00:00 AM,1,,,,,,,,,,,,,,,,,,,,,,,,,,,,,,,,,,,,,,,,,,,9/15/2017 3:56:34 PM,9/15/2017 3:56:34 PM,31,1,0,62,0,10.3333330154419,0,62,0,10.3333330154419,,,,,,,,,,,,,,,,,
