API,WellId,CompletionDate,PackerDepth,TubingLowerDepth,TubingSize,TubingUpperDepth
4223933589,678fab5a-b688-49a9-9d0d-eac1bfa80c82,11/15/2012 12:00:00 AM,7567,,2 3/8,7980
4223933589,678fab5a-b688-49a9-9d0d-eac1bfa80c82,11/21/2017 12:00:00 AM,5471,,2 7/8,5471
4216534545,6bf19f48-fa06-4c7a-b38c-2ab8875c1c14,6/1/1993 12:00:00 AM,0,,2 7/8,6312
4216537798,8515706d-6f9e-41b2-950b-e4b3dc622eff,8/24/2013 12:00:00 AM,0,,2 3/8,7764
4216537798,8515706d-6f9e-41b2-950b-e4b3dc622eff,1/27/2018 12:00:00 AM,0,,2 7/8,4629
4248531433,fe25f9eb-b72f-44a9-9c80-8a1d5e98a797,1/18/2018 12:00:00 AM,1940,,2 3/8,1940
4228931896,5c30d76c-e108-4492-ba28-b8a634b32ee3,12/1/2017 12:00:00 AM,6930,,2 7/8,7001
4220333741,4b960f46-5efe-4a4d-a8c9-1fdd6193db88,8/21/2007 12:00:00 AM,9645,,2 3/8,9668
4220333741,4b960f46-5efe-4a4d-a8c9-1fdd6193db88,1/9/2018 12:00:00 AM,5530,,2 3/8,5543
4241931172,5e6d4cda-ea1e-4c83-b1a0-feb44be8809c,1/3/2018 12:00:00 AM,12060,,2  3/8,12078
4220333321,3cd39389-57ca-41a3-afe1-9578d89a5a46,,9270,,2 3/8,9286
4220333321,3cd39389-57ca-41a3-afe1-9578d89a5a46,1/28/2018 12:00:00 AM,0,,2 3/8,8154
4243936960,963f6214-7279-4fa7-b3fd-45ac5f7fc22d,1/24/2018 12:00:00 AM,0,,2 3/8,7465
4243936960,963f6214-7279-4fa7-b3fd-45ac5f7fc22d,1/24/2018 12:00:00 AM,7299,,2 3/8,7402
4243936674,47a14509-9009-46da-9ccc-56744cb44c39,1/10/2018 12:00:00 AM,0,,2 3/8,8565
4243936745,be46cfc2-ce01-440e-811f-b16c6bbcb1a6,1/9/2018 12:00:00 AM,0,,2 3/8,7597
4200131315,f9d395d1-eb20-40c9-8c12-42dd0b8243af,12/2/2017 12:00:00 AM,0,,2 7/8,5000
4200730825,b5e87e73-756a-45ea-99fc-7268ad40aff5,10/15/1996 12:00:00 AM,10783,,2 3/8,11078
4200932368,6719f2d7-116c-4c5f-a709-a30e71ba8600,,3948,,2 3/8,3948
4200932368,6719f2d7-116c-4c5f-a709-a30e71ba8600,,3976,,2 3/8,3976
4200932368,6719f2d7-116c-4c5f-a709-a30e71ba8600,1/21/2018 12:00:00 AM,4000,,2 3/8,4000
4247943000,a4d3cace-3ab1-4244-89d0-a9f60498c690,1/29/2018 12:00:00 AM,10234,,2 3/8,10234
4236537273,38c99c25-308a-4aaa-963e-5793a9163640,4/28/2010 12:00:00 AM,10738,,2 3/8,10750
4228335049,c7b066be-e265-4ce1-9425-21f01324ef9b,1/7/2018 12:00:00 AM,10878,,2 7/8,10878
4228335051,6b73539c-181a-4887-a696-c98b3de914cc,1/6/2018 12:00:00 AM,10858,,2 7/8,10858
4228335050,b0de0a9b-022e-409f-8ce5-dff312f8a494,1/6/2018 12:00:00 AM,11108,,2 7/8,11108
4242936996,87482049-15a0-44a4-8b7d-79a39211476c,1/2/2018 12:00:00 AM,0,,2 3/8,4340
4231136547,657433b6-5f1a-41c0-9c52-6939b99cb81d,4/7/2017 12:00:00 AM,10738,,2 3/8,10759
4231136551,52432d6a-4f52-4e54-bba0-7d03e18d0402,4/10/2017 12:00:00 AM,10631,,2 3/8,10652
4231136548,a4ab5008-9349-4b7b-8065-c10faac0a5df,4/8/2017 12:00:00 AM,10544,,2 3/8,10565
4231136550,6216edf4-7996-46b8-963f-c2b10ec05055,4/9/2017 12:00:00 AM,10630,,2 3/8,10651
4231136546,abe340bc-077a-41ad-9dcb-caccf1edd7e2,4/6/2017 12:00:00 AM,10637,,2 3/8,10658
4229534254,37d50a0c-b8ec-413f-998e-ec1217c58960,12/9/2017 12:00:00 AM,8150,,2 3/8,8150
4235733602,8b9b4628-b2e3-4e65-a520-2b421e1d56fa,3/22/2017 12:00:00 AM,0,,2 7/8,6491
4213139570,3dce4f7c-5615-4bd6-ac70-6911d63af006,5/5/2017 12:00:00 AM,1724,,3 1/2,1760
4205133955,004c23ca-b963-444a-aa71-9fcc6d10903d,4/2/2016 12:00:00 AM,8145,,2 7/8,8145
4213139568,ca411d3c-f276-4c18-9a36-d39654b68a50,5/2/2017 12:00:00 AM,1732,,3 1/2,1765
4232940808,0207eda8-81f6-4a9f-8d73-323042f22277,1/14/2018 12:00:00 AM,0,,2 7/8,9305
4237331305,dbf3f708-0db9-425d-b12d-e3f3d73d6aa2,1/30/2017 12:00:00 AM,9280,,2 3/8,9280
4237331305,dbf3f708-0db9-425d-b12d-e3f3d73d6aa2,1/30/2017 12:00:00 AM,13650,,2 3/8,13650
4217337401,9d2a1d83-94a1-4849-b54a-847912c565b2,1/12/2018 12:00:00 AM,0,,2 7/8,6976
4230132921,8d84ac1b-6401-41fc-b2aa-da7305ab9956,1/5/2018 12:00:00 AM,11679,,2 7/8,11707
4205133985,53970f1f-3450-4bf3-baf1-19a4a34a78d2,9/26/2016 12:00:00 AM,8637,,2 7/8,8637
4246140402,a3b9030a-2ac0-4613-bb60-13fd128e907b,1/8/2018 12:00:00 AM,0,,2 7/8,9103
4232941299,6c174cef-fe1d-49cf-a880-14ddb693f861,1/26/2018 12:00:00 AM,0,,2 7/8,9303
4246140434,4471ef3d-a131-4b3b-8bf7-18420de56e9a,11/6/2016 12:00:00 AM,0,,2 3/8,7798
4211533737,46d3a6ae-b94a-4180-816f-4252c69501b0,1/8/2018 12:00:00 AM,6545,,2 7/8,6545
4210932980,e54f1fdf-1552-4b41-abe5-61856a750cad,12/27/2017 12:00:00 AM,0,,2 7/8,9173
4232941250,92e9694b-83c3-4b79-9f11-6256aa45430e,1/24/2018 12:00:00 AM,0,,2 7/8,9342
4200943062,ee1e336f-1356-4d24-a780-7ea85647845d,1/26/2018 12:00:00 AM,0,,2 3/8,730
4238935424,8ddb592a-4683-45b6-82b4-8b8fa4ae5f67,1/10/2018 12:00:00 AM,9297,,2 7/8,9327
4232941253,2b266797-04af-4d53-afc2-a38d520f9b5c,1/26/2018 12:00:00 AM,0,,2 7/8,9283
4200943064,087081c5-20cf-4eb5-abdc-b905f68d103f,1/26/2018 12:00:00 AM,0,,2 3/8,729
4238935384,7bbd14fe-8ef6-45aa-98b8-c19ca24679e8,12/5/2017 12:00:00 AM,0,,2 7/8,10849
4232941300,f9260009-21e4-49f7-aaa8-c5087f7dceaa,1/24/2018 12:00:00 AM,0,,2 7/8,9124
4232941298,466e6c5d-11bf-4c06-816e-c93ebef3247b,1/30/2018 12:00:00 AM,0,,2 7/8,9243
4239332695,e430993d-d98c-4851-ad77-cb3f5ef81bdd,4/4/2017 12:00:00 AM,0,,2 7/8,7827
4232941258,aee59ca6-e0b2-4b94-a82d-d8754a0b71fc,1/31/2018 12:00:00 AM,0,,2 7/8,9292
4225535247,3aa3c966-146d-4cc8-9ce6-0309e2bc968b,8/17/2017 12:00:00 AM,12150,,2 7/8,12171
4232941352,918f4b54-9c74-48cc-93f5-0e6426c3f9bf,2/2/2018 12:00:00 AM,0,,2 7/8,9300
4232941353,ee6dec5c-d286-4cee-bbb4-102898c7cdd2,2/3/2018 12:00:00 AM,9032,,2 7/8,9045
4232941350,0bc4743a-0b6a-4f6e-abfa-1443dd1141c7,2/3/2018 12:00:00 AM,9145,,2 7/8,9160
4225535266,d629ce23-6cbd-4717-b39c-18a11f1a0f74,1/21/2018 12:00:00 AM,10752,,2 7/8,10766
4210933008,22ee5c92-0cfb-43fa-ad0a-23e7cbd8e930,12/20/2017 12:00:00 AM,0,,2 7/8,9061
4223536167,2528d20a-d477-40c9-b469-23e819e8eecf,12/30/2017 12:00:00 AM,6659,,2 7/8,6667
4223536166,a0cf45f5-ae81-4b90-b677-2d7196eee81e,12/29/2017 12:00:00 AM,6492,,2 7/8,6499
4232941431,0a661aec-3798-46d7-ac9c-2fc6563f2e92,12/29/2017 12:00:00 AM,0,,2 7/8,9190
4225535268,16ba08a9-1f42-43f8-acc7-416d28427bd0,1/21/2018 12:00:00 AM,10879,,2 7/8,10892
4223536165,40b20aad-40e8-4c02-897a-4209843e93f2,12/31/2017 12:00:00 AM,6712,,2 7/8,6719
4230133127,38f9ac83-bc0e-4772-81da-4749274b33a6,1/7/2018 12:00:00 AM,10921,,2 7/8,10944
4232941347,53182681-4729-4c4e-b45a-4ff89ad9f8b4,1/24/2018 12:00:00 AM,9586,,2 7/8,9600
4247943608,4eaed877-41b7-4a6b-b87b-703cc8675c65,9/22/2017 12:00:00 AM,0,,2 3/8,6451
4238935632,7a635871-9e6f-40fa-a41d-772230861a3e,1/17/2018 12:00:00 AM,10186,,2 7/8,10208
4232941348,0ae1ffc6-1b82-4fa0-adfb-7eedb8331f2b,1/25/2018 12:00:00 AM,9207,,2 7/8,9220
4217337519,a0c472a5-d55f-42bb-8281-82a0eee560f4,12/29/2017 12:00:00 AM,8444,,2 7/8,8410
4230133134,875b79fc-1dc4-43b5-ad3a-984a1f4af7b6,1/11/2018 12:00:00 AM,11070,,2 7/8,11093
4225535272,5a1a1fc0-0815-431e-873c-9e118150051f,5/11/2018 12:00:00 AM,11855,,2 3/8,11876
4225535267,a14f2f4d-0018-4821-a32e-9f03ee37c993,1/21/2018 12:00:00 AM,10749,,2 7/8,10762
4225535277,483e217a-dc43-43d3-9a70-aad3ba11731f,1/7/2018 12:00:00 AM,11587,,2 7/8,11600
4230133175,2c0f8685-be2c-4b7b-8bde-aaf366db803b,1/7/2018 12:00:00 AM,11092,,2 7/8,11115
4238935549,ffe72ea6-c298-4545-b396-b41ec80cb4c6,1/17/2018 12:00:00 AM,10150,,2 7/8,10180
4225535276,6b418238-9bf3-4842-842a-c25b0208641d,1/7/2018 12:00:00 AM,11468,,2 7/8,11481
4223536168,a8a25929-43eb-4e23-8780-c798ad0d8c27,1/3/2018 12:00:00 AM,6441,,2 7/8,6449
4232941436,53960e04-c6fb-4cb4-a342-deda64839ff7,12/29/2017 12:00:00 AM,0,,2 7/8,9177
4238935571,209f6a21-a067-4702-88e8-eadd27cb7564,1/12/2018 12:00:00 AM,9402,,2 7/8,9432
4232941349,2d28480e-2014-4e1d-aaa1-ff64b798d5dd,2/2/2018 12:00:00 AM,9438,,2 7/8,9454
17059266420000,52751b78-e6fd-4496-a15c-e8ba09e2283f,3/31/2017 12:00:00 AM,,2500,02&07/08,0
17109242290000,e7b361fa-cce8-4743-9229-97858448d1f6,4/17/2017 12:00:00 AM,12500,12520,02&07/08,0
4238935484,dee10fad-f458-4ba4-8751-4072c54119c1,1/11/2018 12:00:00 AM,8861,,2 7/8,8891
4246140430,4c985487-3c63-4361-ab2c-5952d63dcacd,1/25/2018 12:00:00 AM,0,,2 7/8,8344
4246140427,afd77967-5b59-4858-9a48-82e21b9f25d2,1/22/2018 12:00:00 AM,0,,2 7/8,8300
4246140424,72cd8d15-24bf-4cea-a520-9d93abeb2ec7,1/8/2018 12:00:00 AM,0,,2 7/8,8384
4249533766,360c260c-e910-451d-9893-dfa7082b0edc,3/31/2017 12:00:00 AM,0,,2 7/8,5732
17075245620000,1e13abf0-b6af-4389-8186-6c1b283c2b5d,4/3/2017 12:00:00 AM,10470,10469,02&07/08,0
17109242300000,c84ad47a-25eb-4b57-8b17-f66772efd7d6,1/25/2018 12:00:00 AM,12475,12506,02&03/08,0
4230133232,d2884b2b-b409-4831-a7b5-030fa8312c89,1/20/2018 12:00:00 AM,10928,,2 7/8,10959
4249533832,3ec18795-fb8b-4a9a-9011-042ecb21d28d,6/5/2017 12:00:00 AM,0,,2 7/8,5675
4238935786,865a8949-d9be-4229-85dd-05327839ae65,1/16/2018 12:00:00 AM,8991,,2 7/8,9021
4232941581,92b53268-b13f-43ad-b8b7-0a1d06b379dc,1/25/2018 12:00:00 AM,0,,2 7/8,8599
4230133203,6df2a0a2-b121-463d-a84d-0bc3947c043e,1/6/2018 12:00:00 AM,11048,,2 7/8,11078
4231740744,bf252a52-1299-484a-b291-0c3fafb32bc8,12/4/2017 12:00:00 AM,8213,,2 7/8,8146
4232941498,9c41dbb3-7b7f-4ca5-bc01-0f1b143417a0,1/23/2018 12:00:00 AM,0,,2 7/8,7804
4217733788,885e8757-5712-4dfc-95fb-1283d96ad717,11/7/2017 12:00:00 AM,8486,,2 3/8,8486
4232941544,18106beb-5ab8-41fc-9ceb-1497cbc0ea7e,1/12/2018 12:00:00 AM,0,,2 7/8,8259
4222739061,bb502d41-77e0-471e-9de5-1945486ca26f,10/22/2017 12:00:00 AM,0,,2 7/8,6539
4238339799,d3a1d3f2-f361-46ae-ad08-1bd91bda30b4,9/26/2017 12:00:00 AM,8240,,2 7/8,8240
4235733634,6dfaacbb-c938-41f9-84da-1cd440f4d16a,6/16/2017 12:00:00 AM,0,,2 7/8,6708
4238935752,143559fb-ff29-442c-9db1-247818d64d79,1/12/2018 12:00:00 AM,9515,,2 7/8,9566
4223933837,a83ae217-0ee5-465e-a16d-287a28a7be84,8/29/2017 12:00:00 AM,6075,,3 1/2,6075
4238935704,7b0da1fa-d95e-47d7-b5cf-2c4fb6a78160,1/19/2018 12:00:00 AM,9802,,2 7/8,9832
4232941579,3639b1d9-3410-4d98-b2e1-2cae3e33a0fc,1/27/2018 12:00:00 AM,0,,2 7/8,8725
4230133277,b54d0027-c2d5-4b1f-bb80-319cc9c33c6b,12/30/2017 12:00:00 AM,13173,,2 7/8,13184
4230133252,22f234f2-7957-4260-a43d-355df19f7b0a,1/27/2018 12:00:00 AM,11176,,3 1/2,11186
4231740731,9ebfd46e-5a5a-4eeb-b7ef-3ae97cb4a13f,11/29/2017 12:00:00 AM,9000,,2 7/8,9000
4216538534,c9630a53-8b43-4101-bdf3-3b7afc1fc6e3,1/6/2018 12:00:00 AM,0,,2 7/8,5665
4232941501,8df20259-2a10-470f-8df6-3f37cbc34786,1/25/2018 12:00:00 AM,0,,2 7/8,9148
4232941582,e120236c-c845-4912-b3af-400d08f065ae,1/27/2018 12:00:00 AM,0,,2 7/8,8633
4216538536,deff0ac1-ae25-412f-aaaf-4517fd57eab2,1/31/2018 12:00:00 AM,0,,2 7/8,5569
4238339810,33df883b-445e-4db4-b69a-479fb2419950,1/2/2018 12:00:00 AM,7557,,2 7/8,7565
4225535335,3fd2e067-3d66-4710-8a39-4e9c21a6039c,11/20/2017 12:00:00 AM,12500,,3 1/8,12519
4230133215,95b0e3dd-36cc-4baa-8ecd-4fbc35b50d6d,1/17/2018 12:00:00 AM,10907,,2 7/8,10938
4238935796,9c09e120-0655-4cf4-a8ee-533feb1192aa,1/25/2018 12:00:00 AM,10187,,2 7/8,10187
4230133226,45f4c559-057e-4013-9ed6-55af0994dbc1,1/18/2018 12:00:00 AM,10949,,2 7/8,10980
4238935782,6b15bc92-1cee-46cc-a875-574cbf9afbff,1/9/2018 12:00:00 AM,9253,,2 7/8,9283
4225535318,c779ac2b-7372-422c-bbc5-581f98d2957a,1/8/2018 12:00:00 AM,11803,,2 7/8,11816
4231740742,f87da0e7-0a74-4022-849b-5a4ba70baa36,11/8/2017 12:00:00 AM,8516,,2 7/8,8525
4235733637,f83ed8bf-01c8-421a-9e4b-6308533e48bb,5/28/2017 12:00:00 AM,0,,2 7/8,6464
4238935665,c1236cef-3bbc-4144-ba33-66ee8fc4dc65,12/31/2017 12:00:00 AM,0,,2 7/8,9898
4225535332,416d348f-094c-4772-b648-6b86e96fe3ae,11/1/2017 12:00:00 AM,11958,,3 1/8,11977
4230133214,7b79620e-b9be-4521-a4d6-6d7c134c22a9,1/17/2018 12:00:00 AM,11018,,2 7/8,11049
4225535329,53a20fbe-388d-463d-a463-7016dc834092,11/20/2017 12:00:00 AM,12493,,3 1/8,12512
4230133278,a639db69-84d7-46f3-8197-721c4dc7ebca,12/22/2017 12:00:00 AM,12326,,2 7/8,12336
4219531922,62666406-b18b-4275-98aa-7b19094db98b,4/28/2017 12:00:00 AM,0,,2 7/8,6705
4232941497,22369c0e-6c8d-4d55-b180-7d8ad7ff0833,12/29/2017 12:00:00 AM,0,,2 7/8,8314
4230133222,d95f10ad-ed49-4b0d-aa20-7d9f9829411b,1/15/2018 12:00:00 AM,10813,,2 7/8,10843
4225535353,507dfa0a-1207-4d41-a41a-7e3d98039ff5,1/7/2018 12:00:00 AM,11569,,2 7/8,11583
4241332985,c55a568e-a325-47a8-a5b9-8ce1c3cc5239,1/11/2018 12:00:00 AM,4399,,2 3/8,4450
4238935793,c1ecb395-f9a0-4e42-bf9a-8e9b97383e38,1/19/2018 12:00:00 AM,9352,,2 7/8,9382
4232941499,561f4bed-71e1-4ec1-84f6-9266eb8bfb2c,1/23/2018 12:00:00 AM,0,,2 7/8,8462
4200530414,cfccf29f-1289-4efb-a8a3-959330e0f5f9,11/27/2017 12:00:00 AM,14850,,2 7/8,14869
4223933862,06239458-3373-4c06-9e63-988eacb852f0,9/2/2017 12:00:00 AM,6144,,3 1/2,6144
4231740743,dc757b6a-50af-4dc9-b1e3-98c11e1042e4,11/21/2017 12:00:00 AM,8002,,2 7/8,7968
4238339834,9df2e137-17de-43b1-b3dc-9a75ad786f96,12/30/2017 12:00:00 AM,7710,,2 7/8,7710
4232941556,1f099837-3b50-4cda-9db1-9b28498d075a,1/12/2018 12:00:00 AM,0,,2 7/8,8259
4238339796,10b2af7a-e5db-499d-ac98-9df84729ebaa,11/21/2017 12:00:00 AM,8160,,2 7/8,8160
4232941496,fb4d5612-1801-4b3a-be49-9ee0f74802fb,12/31/2017 12:00:00 AM,0,,2 7/8,8349
4243937121,a7c55848-ce6e-419f-aae8-9f647bf1400e,11/12/2017 12:00:00 AM,0,,2 3/8,8257
4225535354,9dfe6e78-cbce-4ea9-853a-a175ee8f5c8f,1/7/2018 12:00:00 AM,11614,,2 7/8,11627
4238935798,61649d71-318a-4143-a72d-a66bc25b49cc,1/26/2018 12:00:00 AM,0,,2 7/8,10047
4225535275,9918c709-8a50-4360-b6bf-aae47d593efe,5/11/2018 12:00:00 AM,11772,,2 3/8,11793
4231740747,255582a7-a059-4b1d-9e4f-b4b2ec7c49dc,12/8/2017 12:00:00 AM,7866,,2 7/8,7866
4238339837,d1303dbd-979c-4973-ba3c-bd3a51c4fa6f,12/30/2017 12:00:00 AM,7875,,2 7/8,7875
4238935816,fa81a687-1de1-4329-8364-bff45aca7044,1/16/2018 12:00:00 AM,8677,,2 7/8,8708
4217337530,095cdf18-c764-432f-bf5d-c1212e5784c5,1/15/2018 12:00:00 AM,0,,2 7/8,3000
4230133213,b3f8e940-6d05-4560-9483-ce29803448c6,1/6/2018 12:00:00 AM,10956,,2 7/8,10987
4238339808,4bef32d8-f2fb-4a77-98bd-d76cae38549f,12/31/2017 12:00:00 AM,7491,,2 7/8,7499
4230133237,4d387527-c541-4286-ad53-dbfdcd7c0354,12/20/2017 12:00:00 AM,10754,,2 7/8,10784
4238935797,4b272c04-9a07-41cb-ad47-dc7f3edec9cf,1/25/2018 12:00:00 AM,0,,2 7/8,9986
4225535319,26348516-6774-41df-adee-dd4368ad82eb,1/8/2018 12:00:00 AM,11869,,2 7/8,11882
4233535958,656fa48c-1a32-40e4-b6a1-deb28b012b90,1/4/2018 12:00:00 AM,0,,2 7/8,8027
4222739017,eefaae18-bdff-4ad8-9b55-e7055c5ca14c,12/18/2017 12:00:00 AM,0,,2 7/8,6808
4223536162,3cf2f3f7-2b95-4353-b706-e7867db08da2,4/27/2017 12:00:00 AM,0,,2 3/8,6597
4223536162,3cf2f3f7-2b95-4353-b706-e7867db08da2,1/10/2018 12:00:00 AM,0,,2 3/8,5126
4200530410,5db090c7-de71-4970-883d-ea4b2b9ee665,12/14/2017 12:00:00 AM,14814,,2 7/8,14810
4213543501,6ae4a5a9-e6fa-4ff1-9625-ec5ab2cd2559,9/2/2017 12:00:00 AM,0,,2 7/8,5344
4225535333,9191415f-6367-457c-9942-f88dbbbdbdb9,11/3/2017 12:00:00 AM,12363,,3 1/8,12381
4232941508,a322fbc6-9553-4de7-81cf-fc1e1a0c98f2,12/31/2017 12:00:00 AM,0,,2 7/8,8354
4231740795,66247d74-f1eb-4a1f-97cd-0ee9c274edca,11/21/2017 12:00:00 AM,8400,,2 7/8,8400
4238339861,1cdd5244-e39e-404d-b31a-27252859467f,12/1/2017 12:00:00 AM,8640,,2 7/8,8640
4238935712,d8bcff70-1e62-420f-9c88-2aa4632d2cc3,1/3/2018 12:00:00 AM,10255,,2 7/8,10272
4201335474,b11f4de0-6c86-4f9b-b105-3424ec6b7ac8,12/1/2017 12:00:00 AM,1,,1 1/2,1
4201335474,b11f4de0-6c86-4f9b-b105-3424ec6b7ac8,12/1/2017 12:00:00 AM,8167,,2 3/8,8189
4237139542,9b8112e9-217b-4c1d-9329-4c42dcedf676,12/12/2017 12:00:00 AM,0,,2 7/8,9902
4248135415,037036ee-c7f1-48ee-aeee-4deff9278fb0,1/15/2018 12:00:00 AM,9219,,2 3/8,9219
4238935714,6c0f8abe-d691-462b-b5a3-7658a6c028e6,1/3/2018 12:00:00 AM,10200,,2 7/8,10219
4200347541,95fa4ec9-0c9d-4a1d-a716-7919b6ca7bfc,1/12/2018 12:00:00 AM,0,,2 7/8,5379
4230133323,741a96c7-4588-405b-b4be-8195b1ab49d0,4/13/2018 12:00:00 AM,11700,,2 7/8,11707
4229132920,5ff6be84-a3f6-44a1-908e-84b10e67d274,11/19/2017 12:00:00 AM,0,,2 3/8,2816
4238935922,0b87c6e6-2d3a-4240-b8b6-859a0202985c,12/21/2017 12:00:00 AM,0,,2 7/8,9107
4217733804,dff6bb26-835c-44e7-af37-8d222e681b05,12/31/2017 12:00:00 AM,9059,,2 7/8,9079
4230133324,c9097b0e-9336-4a54-abc4-a4232b02af34,4/18/2018 12:00:00 AM,11278,,2 7/8,11286
4238935885,4fa9ef49-8ce2-4e24-b804-b3aa2bab1848,1/12/2018 12:00:00 AM,10540,,2 7/8,10547
4238339851,2545e6e6-3e1c-43e2-ba68-b7284072f212,1/17/2018 12:00:00 AM,0,,,0
4238339851,2545e6e6-3e1c-43e2-ba68-b7284072f212,1/17/2018 12:00:00 AM,0,,2 7/8,6995
4217733803,755123ee-6c3a-4f16-a054-e06a37c22538,12/31/2017 12:00:00 AM,8904,,2 7/8,8923
4238339860,aeafdef1-bf54-47c6-a9b4-f2b2d202ba1b,12/2/2017 12:00:00 AM,8030,,2 7/8,8030
4238339850,3a4edac7-3bd3-4bae-a68e-f3966bdcf930,1/17/2018 12:00:00 AM,0,,,0
4238339850,3a4edac7-3bd3-4bae-a68e-f3966bdcf930,1/17/2018 12:00:00 AM,0,,2 7/8,6554
4238935713,af60860f-ea5d-49a2-8851-f486fd820082,1/3/2018 12:00:00 AM,10096,,2 7/8,10115
4231740823,f22bfa4d-7c6e-475e-85b0-093aed004210,11/8/2017 12:00:00 AM,0,,2 7/8,8683
4235733639,398c33b0-9e6e-4d79-837c-16d69187482e,6/23/2017 12:00:00 AM,0,,2 7/8,6711
4213139596,4433ad22-95d5-49d5-a207-1a53c0cae2db,1/12/2018 12:00:00 AM,1700,,3 1/2,1700
4217733820,bbe1307b-fb0a-4fcb-9b31-2fea8ffe71b1,4/27/2018 12:00:00 AM,0,,2 7/8,8866
4247537242,24564ca9-7a07-4174-b12a-3f5cdd65fd5b,8/1/2017 12:00:00 AM,10416,,2 7/8,10538
4217733818,0bface99-6c39-413a-8555-4276e4692d0c,1/19/2018 12:00:00 AM,0,,2 7/8,8810
4231740822,dc2a6da3-4d1f-4917-98fa-46055f7c8c0a,11/12/2017 12:00:00 AM,0,,2 7/8,8202
4217733822,4329485a-d778-44b0-9922-5f9b624b879d,4/25/2018 12:00:00 AM,0,,2 7/8,8927
4225535463,8a04aa59-78d7-4926-b5df-6350f7a34c6f,11/19/2017 12:00:00 AM,10300,,2 3/8,10317
4228336048,cc5490a0-ad5e-4f19-b2a6-6a350dde21d2,12/4/2017 12:00:00 AM,8584,,2 7/8,8604
4217733821,ec5b25af-61d6-4984-bf38-6a8c55467a91,1/22/2018 12:00:00 AM,0,,2 7/8,8911
4200347554,909ebaae-c3a5-4dec-9364-7a5161fe8bd3,2/21/2018 12:00:00 AM,0,,2 7/8,8942
4238935978,6b4e7d69-b205-473d-a6eb-7bdec5e34edd,1/12/2018 12:00:00 AM,10540,,2 7/8,10547
4228336037,72ccc33c-f3c7-468a-9f8b-8237df0da30d,11/22/2017 12:00:00 AM,8676,,2 7/8,8696
4238935957,b65e9925-af44-4fe4-89ba-8a345aeb8621,1/21/2018 12:00:00 AM,10322,,2 7/8,10352
4217733826,0b9e94b4-d96f-4ab8-9ff0-8ef28fe8cdc0,11/16/2017 12:00:00 AM,9286,,2 3/8,9304
4248333938,da85640d-0302-4b6a-9fa7-94ea424762b7,12/13/2017 12:00:00 AM,0,,2 3/8,12410
4247943720,8875d6d7-800f-46f7-acdd-96dfd1f6a0e5,12/25/2017 12:00:00 AM,12600,,2 7/8,12620
4228336041,fe033726-2368-4da3-bf96-a356496609ce,11/22/2017 12:00:00 AM,8644,,2 7/8,8664
4238935961,b57d44c6-0c26-47e4-b7fa-a67d07c16a4c,11/14/2017 12:00:00 AM,0,,2 7/8,9913
4231740825,e9272bd8-0831-45dd-a0a4-ac1245345d9a,11/8/2017 12:00:00 AM,0,,2 7/8,8804
4230133344,d13b993d-8e65-4ab0-8ce8-b7c777d2e70f,1/18/2018 12:00:00 AM,10104,,2 7/8,10134
4228336050,c21f76b3-cfb1-42af-887c-bddb8018f5ed,12/4/2017 12:00:00 AM,8572,,2 7/8,8592
4217733819,1f84cadb-0054-4fcc-a700-be7d2335fadf,1/20/2018 12:00:00 AM,0,,2 7/8,8800
4238935942,d07a05dc-cd09-49c8-9460-c7e22e7db570,12/21/2017 12:00:00 AM,9863,,3 1/2,9880
4217733817,30542a91-3673-4807-8e18-d039ee980a28,1/17/2018 12:00:00 AM,0,,2 7/8,8946
4225535464,4b6ebd5b-0ef0-46c7-a1f7-d988ee6e7c9c,11/10/2017 12:00:00 AM,10207,,2 3/8,10224
4200943097,75198844-f161-470c-b0fa-df6a5cb18ade,1/24/2018 12:00:00 AM,0,,2 3/8,1579
4231740824,e028bac1-a72b-4434-a33e-e0c730bef29c,11/8/2017 12:00:00 AM,0,,2 7/8,8926
4217733827,d56c6a1e-ea26-4e5c-8283-e736aeca1561,11/16/2017 12:00:00 AM,9176,,2 3/8,9195
4248546020,361f4641-76e9-4dcf-ad0d-ec9255cd1ace,1/18/2018 12:00:00 AM,0,,2 3/8,1310
4246934369,a3e7491e-5d94-474e-9027-f384b12ec3fc,11/9/2017 12:00:00 AM,4975,,2 3/8,4975
4225535487,d927187b-e07b-4e03-952f-08e0497ac369,1/12/2018 12:00:00 AM,10246,,2 7/8,10265
4225535482,62a7ea07-30b1-4234-ae5d-0d4b845c8d90,1/12/2018 12:00:00 AM,10164,,2 7/8,10185
4225535483,a6372a18-db16-4f18-8a0d-135160a102d2,1/12/2018 12:00:00 AM,10296,,2 7/8,10316
4231740840,c881cc33-9eda-4f02-9d6c-3816f4e7a9a0,11/4/2017 12:00:00 AM,0,,2 7/8,8681
4232941710,8551fd65-ee6d-4dd5-87a9-3adc3589d25e,12/30/2017 12:00:00 AM,0,,2 7/8,9286
4221135578,be69d2f7-8e34-4936-b81a-430337d97e65,12/5/2017 12:00:00 AM,0,,2 3/8,11697
4225535485,1f8a9ecb-ae2b-420f-b921-b7bce8f4db3c,1/12/2018 12:00:00 AM,10151,,2 7/8,10170
4232941708,ce26d9c5-9d02-4148-8461-cf11f9f53c0a,12/31/2017 12:00:00 AM,0,,2 7/8,9180
4225535475,3236a61b-5d27-4d7f-b5d4-d8e020afc6fe,1/12/2018 12:00:00 AM,9980,,2 7/8,9999
4225535474,fbe77c6a-5ac1-4582-a4ec-fb266e6946eb,1/12/2018 12:00:00 AM,10065,,2 7/8,10085
17101225670000,2ee43388-b3b7-47bc-a918-ac663ecb21b2,10/8/2017 12:00:00 AM,12022,12075,02&03/08,0
35153236050000,1ead228d-29a7-4694-b082-1f2012138e2e,9/17/2017 12:00:00 AM,10010,,,
4230133450,1e290a4a-668b-405c-8d92-06b6b42cb816,12/1/2017 12:00:00 AM,0,,2 7/8,9814
4212737584,f9c25fbe-cdd2-4249-a73f-097d2ed075e1,12/16/2017 12:00:00 AM,2860,,2 3/8,2872
4230133478,c83b051f-5784-433b-8112-0de59f56e649,11/13/2017 12:00:00 AM,8362,,2 7/8,8384
4238339905,c0aed19c-38da-4455-bb6b-172000228d12,4/26/2018 12:00:00 AM,0,,2 7/8,6775
4217733838,ea17350a-815d-4399-a416-18ea41a38c5d,12/29/2017 12:00:00 AM,11472,,2 7/8,11491
4228336084,1493b1f1-a580-4091-9f69-204e4a39b4f3,11/9/2017 12:00:00 AM,8500,,2 3/8,8541
4228336080,b8a33d01-ef16-46dc-83ab-2420a27763f2,12/16/2017 12:00:00 AM,7094,,2 7/8,7116
4200347577,d8b49138-99d0-4e85-9aea-244b28fc03e5,1/30/2018 12:00:00 AM,0,,2 3/8,8308
4231136730,ad81b918-4c79-4ff9-8dbb-28b26977aa01,11/26/2017 12:00:00 AM,10535,,2 3/8,10556
4212737581,f7136454-bc7b-4c60-bd6e-309b138002f2,12/19/2017 12:00:00 AM,2710,,2 3/8,2728
4231740842,ac9940a9-dd32-4f2e-b92d-310d38d4ff82,1/5/2018 12:00:00 AM,0,,2 7/8,10655
4238935995,0e9b00c6-f620-4ddc-a3e6-323f6727c4ea,1/12/2018 12:00:00 AM,10540,,2 7/8,10547
4217733839,3bdef4b1-33bc-4b6f-bfce-364835b0778d,12/29/2017 12:00:00 AM,11677,,2 7/8,11709
4222739153,730ea737-fee4-4d6f-a1b8-433f3a171ef7,9/14/2017 12:00:00 AM,0,,2 7/8,7000
4222739153,730ea737-fee4-4d6f-a1b8-433f3a171ef7,9/14/2017 12:00:00 AM,0,,2 7/8,7387
4231136729,e3a5aba6-1fca-4deb-8b54-536e96afcbaa,11/28/2017 12:00:00 AM,10450,,2 7/8,10469
4246140637,220de637-dee7-426f-b0ac-5fd5df8a44cd,1/18/2018 12:00:00 AM,0,,2 3/8,8132
4230133460,6eda9f23-9c1b-4d92-a28d-64b2e3792bb4,12/8/2017 12:00:00 AM,10032,,2 7/8,10048
4216934249,de3406d8-8c73-4ab8-8a80-69f429a78b35,12/29/2017 12:00:00 AM,0,,2 3/8,5048
4231136731,915802f6-cae9-4b69-bd15-76ddfeb3fe9e,11/28/2017 12:00:00 AM,10410,,2 7/8,10446
4246140617,83e3f180-1f89-4877-bdb3-776f0b5d7cbb,1/17/2018 12:00:00 AM,0,,2 7/8,2982
4247731045,c4640c6a-5139-4039-a4ff-788bdeb015db,11/1/2017 12:00:00 AM,0,,2 3/8,13576
4250136814,f005b99b-7d77-4bd9-8fe3-81895d3f0e50,11/23/2017 12:00:00 AM,4704,,2 7/8,4704
4238339916,16bb4a1d-eb7a-48ce-8597-82635f778376,12/3/2017 12:00:00 AM,0,,2 7/8,8911
4219531928,3a7ee446-432a-4981-b577-83ca0fd8ae26,10/23/2017 12:00:00 AM,0,,2 7/8,6241
4230133396,aa3439ab-45d9-4947-9991-871535f8bf25,11/4/2017 12:00:00 AM,10499,,2 7/8,10530
4222739154,b9fe31e0-5a43-4465-bec0-89ef40863288,11/13/2017 12:00:00 AM,0,,2 7/8,6322
4221135581,6c21f394-5bea-4d9c-96eb-8cd611911244,11/27/2017 12:00:00 AM,0,,2 3/8,11604
4235733641,cfa43b25-c82c-4e91-8e6a-91de1b56ddf5,8/9/2017 12:00:00 AM,0,,2 7/8,6706
4201335486,488dec5d-bb32-4d9e-910b-9cc399a47cdc,11/20/2017 12:00:00 AM,0,,2 7/8,6627
4230133477,bc1b439f-423d-4867-ba56-9edbf1145dac,11/13/2017 12:00:00 AM,8315,,2 7/8,8337
4246140630,fd22724c-c31f-4c00-bd8e-a5864fe84b03,1/2/2018 12:00:00 AM,0,,,0
4246140630,fd22724c-c31f-4c00-bd8e-a5864fe84b03,1/2/2018 12:00:00 AM,7951,,2 7/8,7968
4230133479,1bd3f006-734a-4021-97ff-a6b76f22bcc2,11/15/2017 12:00:00 AM,8367,,2 7/8,8389
4230133388,8d554bf3-201d-498b-a1d5-b5addd20136c,1/26/2018 12:00:00 AM,10623,,2 7/8,10654
4225535515,046fd0b2-2c5f-4c8c-9ddb-bec6e479f78a,11/8/2017 12:00:00 AM,9560,,2 3/8,9560
4239332700,1b097a52-e1a1-444e-add9-c67e73f5b1fb,9/11/2017 12:00:00 AM,0,,2 7/8,7758
4231740902,0862daf9-546a-44ba-bc4c-cbcf8e4aaaea,1/26/2018 12:00:00 AM,7662,,2 7/8,7677
4235733644,73612d24-4382-47b5-8d17-cd885ac9bef9,9/12/2017 12:00:00 AM,0,,2 7/8,6581
4231331345,3307bf4b-19ae-473f-beb2-d59d99605f3c,9/30/2017 12:00:00 AM,9356,,2 3/8,9356
4201335487,049c902a-0d5c-4d1f-804d-d6788001f18f,11/20/2017 12:00:00 AM,0,,2 7/8,6718
4200347567,aec93b13-ac8f-492c-b238-da6e87040bd2,12/13/2017 12:00:00 AM,0,,2 7/8,8905
4201335484,cd102f2c-f55d-4cca-8e1b-dda43566a524,11/7/2017 12:00:00 AM,7867,,2 7/8,7877
4200347593,04a612a1-7dd4-497e-b532-f2ee8f362ff7,1/23/2018 12:00:00 AM,0,,2 3/8,8306
4231740901,cb804eb4-b95b-45e4-8fb0-f3a6229d8235,1/29/2018 12:00:00 AM,7762,,2 7/8,7779
4228336085,5591aef7-a386-44b3-9af2-f7dc78c9cf21,11/8/2017 12:00:00 AM,8501,,2 3/8,8522
17017361080000,1f0de866-dc8c-4c70-afc7-01752b3882ed,1/24/2018 12:00:00 AM,,1020,02&07/08,0
4246140624,24ec7d9a-98e8-4423-83dc-02711c1a069c,12/11/2017 12:00:00 AM,0,,,0
4246140624,24ec7d9a-98e8-4423-83dc-02711c1a069c,12/11/2017 12:00:00 AM,0,,2 7/8,8698
4246140636,39259d13-789a-4d2d-9a89-045697fc92d5,12/20/2017 12:00:00 AM,8972,,2 7/8,8986
4201335508,ac2a10f5-b865-4703-ad8c-0590c7252c96,6/2/2018 12:00:00 AM,7350,,2 3/8,7350
4217337634,21d44a24-cd6e-4951-808f-05fc09da245c,12/1/2017 12:00:00 AM,0,,2 7/8,7454
4203332428,fe84cec9-4423-4373-a8d2-078ebd78d38b,10/20/2017 12:00:00 AM,0,,2 7/8,6974
4228336098,41977976-ad03-43e8-8aef-09a0df61808b,12/2/2017 12:00:00 AM,8768,,2 3/8,8791
4237331315,55e995a0-9020-4494-8414-0b63268163f7,1/8/2018 12:00:00 AM,9689,,2 3/8,9730
4228336088,c82aee58-2306-4b08-9028-10ed4403a69e,12/2/2017 12:00:00 AM,8628,,2 3/8,8651
4246140623,4868e77f-0d73-4425-80f6-13391f176398,12/12/2017 12:00:00 AM,0,,2 7/8,8072
4246140623,4868e77f-0d73-4425-80f6-13391f176398,12/12/2017 12:00:00 AM,0,,,0
4228534030,849efab5-204f-44f3-87d5-188517d1c441,1/9/2018 12:00:00 AM,10499,,2 3/8,10490
4217337654,07761f3e-90e4-429e-bfc3-1c8c54c19c62,11/28/2017 12:00:00 AM,0,,2 7/8,8885
4225535560,8b6450ca-cc3a-46af-a79d-1e185c99e57d,1/12/2018 12:00:00 AM,9978,,2 7/8,9998
4231136743,4445d524-01f6-4e88-b57a-2073736e65f0,1/23/2018 12:00:00 AM,9619,,2 7/8,9641
4238339913,6bbe6526-6c93-4633-b333-22fb9e3a034b,1/31/2018 12:00:00 AM,0,,2 7/8,8747
4238339914,49808ffc-e96b-4634-bcce-269fea72bf17,1/31/2018 12:00:00 AM,0,,2 7/8,8827
4217337677,95233984-43a2-422e-8f85-2a91eb97e741,1/28/2018 12:00:00 AM,0,,2 7/8,6775
4225535555,4c7c1cb3-6e63-4fa4-9882-30ad8c1e2c73,12/12/2017 12:00:00 AM,13397,,2 3/8,13419
4231136734,c127a5f1-e575-42ab-a145-39d2933114c3,12/15/2017 12:00:00 AM,10060,,2 7/8,10073
4246140627,075ea15b-9d88-4d9f-97f8-3a782d5709e1,12/15/2017 12:00:00 AM,0,,2 7/8,8370
4246140627,075ea15b-9d88-4d9f-97f8-3a782d5709e1,12/15/2017 12:00:00 AM,0,,,0
4228336114,bc90dbaf-bd46-44e7-9505-3e9e00a9b001,11/8/2017 12:00:00 AM,8530,,2 3/8,8530
4243937127,ef540275-ccc4-434d-8e8f-45274a1094bf,12/19/2017 12:00:00 AM,7996,,2 3/8,8003
4248333942,12d0b161-4766-4d14-91a6-4b6a23a9829b,12/7/2017 12:00:00 AM,0,,2 3/8,12425
4246140625,f73eeb3b-27c2-41c5-8cff-50d82ac07fcd,12/14/2017 12:00:00 AM,0,,,0
4246140625,f73eeb3b-27c2-41c5-8cff-50d82ac07fcd,12/14/2017 12:00:00 AM,0,,2 7/8,9091
4228336096,c6770f5f-cce1-4257-ae27-5824b8fa4373,12/4/2017 12:00:00 AM,8750,,2 3/8,8771
4228336095,348cd3db-c4a4-4895-b876-58a4db12ef8d,12/8/2017 12:00:00 AM,8708,,2 3/8,8731
4215733225,297b9dbd-b6fb-4e7c-9795-59676faabd58,12/22/2017 12:00:00 AM,4105,,2 3/8,4105
4215733225,297b9dbd-b6fb-4e7c-9795-59676faabd58,5/3/2018 12:00:00 AM,0,,2 3/8,3997
4228336099,6c151bef-38eb-41a8-82d9-59d5ff4d6511,11/30/2017 12:00:00 AM,8783,,2 3/8,8804
4246140642,00ef9ece-730d-4ccc-830e-6dcc456468d8,1/4/2018 12:00:00 AM,6884,,2 7/8,6884
4246140626,bd894473-ea3e-4c98-8e15-759cbeacb18a,12/15/2017 12:00:00 AM,0,,,0
4246140626,bd894473-ea3e-4c98-8e15-759cbeacb18a,12/15/2017 12:00:00 AM,0,,2 7/8,9443
4228336094,cbe6f792-5212-4f87-af0b-77de956a4f1a,12/9/2017 12:00:00 AM,8699,,2 3/8,8721
4247537266,e67b38ad-c750-4c0d-a35a-78473874620f,12/21/2017 12:00:00 AM,0,,5 1/2,10808
4246140632,012237d8-847d-40bb-9050-7a642d27976a,12/16/2017 12:00:00 AM,9010,,2 7/8,9025
4217337655,f9ecefd5-dd66-4610-afe9-813431ce1af9,12/21/2017 12:00:00 AM,0,,2 7/8,9411
4238936204,196b8703-48e3-45b9-8ee3-820dc515dd39,12/4/2017 12:00:00 AM,0,,2 7/8,10141
4231136742,840aba0d-fff0-484a-abe1-82443bf17ec9,1/23/2018 12:00:00 AM,9599,,2 7/8,9621
4225535556,74b7b9c8-ff1d-4af9-ba7d-889039774aa3,12/12/2017 12:00:00 AM,13478,,2 3/8,13500
4238339955,d4b4ac85-ee64-4758-94d6-89024d72fc0a,1/24/2018 12:00:00 AM,0,,,0
4238339955,d4b4ac85-ee64-4758-94d6-89024d72fc0a,1/24/2018 12:00:00 AM,7479,,2 7/8,7491
4217337633,7c088e7b-4c86-4b32-8567-902ee2429b67,12/7/2017 12:00:00 AM,0,,2 7/8,7019
4237139589,5141d8fd-13f3-4ad3-9b31-95c3e9fee705,11/15/2017 12:00:00 AM,0,,2 7/8,9203
4249737934,44849a3a-a200-47ac-b2f0-9802b77fcbae,1/12/2018 12:00:00 AM,0,,2 3/8,6693
4228336093,e0150d05-28a5-4d39-b5c1-98f7a4f248e5,12/10/2017 12:00:00 AM,8750,,2 3/8,8769
4217337642,e628ffe8-2d1f-456c-9489-a4e259d81a7d,1/2/2018 12:00:00 AM,0,,2 7/8,7341
4217337642,e628ffe8-2d1f-456c-9489-a4e259d81a7d,1/2/2018 12:00:00 AM,0,,2 7/8,7299
4231136740,b2b5782a-8e7b-4242-a7bd-a5b2d26c5469,1/23/2018 12:00:00 AM,9657,,2 7/8,9679
4235733652,75a10511-2717-4b5b-9b64-b5371cc7904c,10/20/2017 12:00:00 AM,0,,2 7/8,6864
4243937129,21307e96-3cbf-4d60-b3cc-b7bfd80611c2,12/19/2017 12:00:00 AM,0,,2 3/8,8296
4215733227,ec32b1d8-92be-4a2c-b233-c63efc8e91ac,11/6/2017 12:00:00 AM,3132,,2 3/8,3163
4217337645,2c580512-c7b3-4f86-94cf-c6dadc772628,1/2/2018 12:00:00 AM,0,,2 7/8,7335
4228336092,5117d304-4b5d-4338-b57c-cfa0e01cecda,12/10/2017 12:00:00 AM,8894,,2 3/8,8915
4231136744,fa54a2af-31d6-4561-be92-d0e10a93c83b,1/21/2018 12:00:00 AM,9588,,2 7/8,9610
4247537261,90fa291b-eda9-40f0-9e65-d1818a1fa6f4,1/21/2018 12:00:00 AM,0,,2 7/8,10970
4225535559,a8aa3a4a-f161-4084-9c50-e0bc51b3d4a8,1/12/2018 12:00:00 AM,9998,,2 7/8,10011
4237139591,4aea60ac-8eb3-494b-b2ea-e53fea541582,1/10/2018 12:00:00 AM,0,,2 7/8,10042
4217337643,d7f42d7e-00c6-46d0-93e9-e55ba4220f01,1/2/2018 12:00:00 AM,0,,2 7/8,7487
4250136823,9c1a5d9f-54a5-46b9-8bfb-e8b4301ce9a9,11/11/2017 12:00:00 AM,0,,2 7/8,4746
4228336089,9586bb10-723f-43b9-89d2-ebb69593f79f,12/1/2017 12:00:00 AM,8651,,2 3/8,8671
4217733848,c7209aa8-569a-45d7-8b5c-ed5ec95ebc8c,11/10/2017 12:00:00 AM,10398,,2 7/8,10418
4217733847,7628e8b6-7026-4f5b-94ec-f271fd748b94,11/10/2017 12:00:00 AM,10369,,2 7/8,10389
4228336100,99876718-43ac-4e65-a54b-f54cb674d861,11/29/2017 12:00:00 AM,8760,,2 3/8,8781
4246140635,8aa5ff0e-6268-4b86-a629-fdab99f37f22,12/18/2017 12:00:00 AM,8756,,2 7/8,8771
4249737935,8800db64-a32b-41b1-9aeb-fdec3ac0e4ad,1/9/2018 12:00:00 AM,0,,2 3/8,6500
17099216570000,1c6a82c2-8924-45fe-bb3f-314fefa2c8b4,1/18/2018 12:00:00 AM,1706,1786,02&03/08,0
4231136757,c5f12ed0-1c97-4bcc-8ee3-0ff4324cee39,1/7/2018 12:00:00 AM,9711,,2 7/8,9731
4222739225,b589c96d-bf10-4fc7-b6e4-135a00cf5c71,1/24/2018 12:00:00 AM,0,,2 7/8,6806
4201335512,ba82afe1-5f4a-4c94-a2ff-14a41520c0a7,11/3/2017 12:00:00 AM,9020,,2 7/8,9040
4217337708,cbd7e1cc-f026-498f-9da9-14d8830db7b9,1/13/2018 12:00:00 AM,0,,2 7/8,7338
4219933590,3085d55f-079a-4910-9f9f-15f42ed4934b,11/6/2017 12:00:00 AM,3350,,2 7/8,3350
4200347611,b627b8ff-d3ee-48f6-9a95-199a94a02033,11/16/2017 12:00:00 AM,0,,2 7/8,4667
4225134578,4481b369-9337-49eb-bea4-1cbf009ec586,1/12/2018 12:00:00 AM,0,,2 3/8,6832
4217337657,eaaaac00-c006-4bc5-aed6-1d5da9646e2b,1/6/2018 12:00:00 AM,0,,2 7/8,7266
4200347618,f70482e3-809b-4539-bcf9-220864dc3678,1/3/2018 12:00:00 AM,0,,2 7/8,3559
4242332400,6102b26e-6a78-47b4-a468-2be700d1f71a,3/1/2018 12:00:00 AM,10362,,2 7/8,10362
4238936302,ffb8d97a-fd7e-4737-a9f8-7442b335df12,12/18/2017 12:00:00 AM,0,,2 7/8,10152
4235733655,02f32037-ca4f-45ab-8a16-796a9cf16c08,11/25/2017 12:00:00 AM,0,,2 7/8,6510
4232941917,5a68bfcd-92f6-4d08-9361-8a9b4f2aa0d2,12/15/2017 12:00:00 AM,0,,2 7/8,11404
4225134576,6b1d0ca1-720c-4c65-8c01-8e223456ab49,1/13/2018 12:00:00 AM,0,,2 3/8,6768
4216538602,a4d2a733-92cf-4bcd-8ed2-94da7cb15170,1/4/2018 12:00:00 AM,0,,,0
4216538602,a4d2a733-92cf-4bcd-8ed2-94da7cb15170,1/4/2018 12:00:00 AM,0,,2 7/8,8693
4238936284,d67f235a-2232-4189-bf72-96e0d7ebd331,1/10/2018 12:00:00 AM,10049,,2 7/8,10073
4217337659,69afda99-05df-4de4-8368-9d7bbdce2fc1,1/6/2018 12:00:00 AM,0,,2 7/8,7435
4217337656,5689d217-4a93-45cb-ba29-9e7f2e756274,1/6/2018 12:00:00 AM,0,,2 7/8,7459
4225134577,11d5c20c-91f1-41d9-831a-a4370de0a8dd,1/12/2018 12:00:00 AM,0,,2 3/8,7008
4200347584,f48c9d55-b7b4-4d22-b5ae-bc1b7f735add,12/12/2017 12:00:00 AM,0,,2 7/8,4443
4221135590,899d0c79-df55-49c8-a28a-c0c03c1c83a8,1/20/2018 12:00:00 AM,0,,2 3/8,10804
4200347606,9aae7c5f-d19c-4ad3-b499-c806ff9cd9d7,12/22/2017 12:00:00 AM,0,,2 7/8,3559
4231136756,68d38e20-246b-4af7-8d78-ea4825ace248,1/7/2018 12:00:00 AM,9618,,2 7/8,9638
4210933160,278410a9-677b-41e9-b37d-f7d6ccc5423a,1/17/2018 12:00:00 AM,9897,,2 3/8,9914
4250136837,7d13e6b4-9a8a-4086-a346-f8da1748a60b,1/19/2018 12:00:00 AM,4676,,2 7/8,4676
4250733299,6928f865-5338-4116-abdb-fdb0fb202a60,12/28/2017 12:00:00 AM,6032,,2 7/8,6031
17023232060000,0db69f39-926d-43bc-8a4a-653dbac0e975,1/16/2018 12:00:00 AM,5104,5104,02&07/08,0
4250536609,cc35f5d7-f9a7-49ff-934c-03628ec0e9f3,1/9/2018 12:00:00 AM,0,,2 3/8,2508
4231741018,b9206914-df0d-4f7d-ba1b-0a8743e2e75e,1/11/2018 12:00:00 AM,0,,2 7/8,10632
4230133662,2b570b85-3226-4cc8-954e-0abd92e24770,1/8/2018 12:00:00 AM,10368,,2 7/8,10398
4231741028,7b4f274c-eed8-40ec-925a-0ceb2066dcaa,12/12/2017 12:00:00 AM,0,,2 7/8,8835
4231136762,850174ce-bdb6-4f09-b3b8-100a8709ab51,1/11/2018 12:00:00 AM,9440,,2 7/8,9460
4247943795,7a24584d-b78b-4ff9-a75b-11b9dfc1beca,1/9/2018 12:00:00 AM,10589,,2 7/8,10611
4210336582,e008a612-236b-45e5-97b8-19bef58385b0,12/24/2017 12:00:00 AM,3206,,2 7/8,3206
4250136855,af0a4fb3-aef7-4dc9-9a1d-287601abf4b7,1/25/2018 12:00:00 AM,0,,2 7/8,4716
4225535600,7d3ad73a-e020-4845-b8c5-309a88dd74df,12/8/2017 12:00:00 AM,12683,,2 3/8,12712
4231136761,98b9ec47-aebc-4c0b-bb63-3c5a3bbc323e,1/11/2018 12:00:00 AM,9531,,2 7/8,9550
4200943117,9d255d9b-fe91-4837-82eb-4287f03c9c37,1/2/2018 12:00:00 AM,0,,2 7/8,4300
4238339997,013629de-8ac2-47d4-9437-4544cfdd789a,2/15/2018 12:00:00 AM,0,,2 7/8,6250
4216538623,4477c0a7-9135-4068-b99f-4a933ec5c607,12/20/2017 12:00:00 AM,0,,2 7/8,4722
4238339999,dd307b9e-2eea-4875-9fbe-4e10085c6757,2/15/2018 12:00:00 AM,0,,2 7/8,6757
4201335523,53beec1a-7e24-4a02-bff0-5637593b5492,1/28/2018 12:00:00 AM,9026,,2 7/8,9048
4208336210,19943cd9-5918-438e-a9b8-63f170f14a35,1/17/2018 12:00:00 AM,0,,2 3/8,3050
4237331320,1839a26f-fa07-4dc3-a2f3-676dd7f3fb47,11/2/2017 12:00:00 AM,4176,,2 7/8,4306
4231136763,6521be2a-d321-4789-ad20-74ef315074a3,1/11/2018 12:00:00 AM,9521,,2 7/8,9540
4228336151,80087426-605f-4ca1-928f-761cc654d714,1/21/2018 12:00:00 AM,10885,,2 7/8,10907
4201335518,56ae91cf-cec4-4605-9cb1-782251e6a29d,1/28/2018 12:00:00 AM,8882,,2 7/8,8902
4231741026,98231129-aefe-4e54-ad02-83fb3b2da701,1/23/2018 12:00:00 AM,0,,2 7/8,8859
4229735897,10b75e3b-2ff0-415a-870b-8da6234d698f,12/5/2017 12:00:00 AM,12809,,2 7/8,12802
4200347642,3c69ebf6-8e66-4dad-a73c-8f8bf6f380cb,1/31/2018 12:00:00 AM,0,,2 7/8,8874
4238340010,9b9b96f7-2de3-438f-8d61-91ce04194113,1/14/2018 12:00:00 AM,7840,,2 7/8,7840
4231741027,8695fadc-7284-4fa8-9d61-9512d98e21ce,11/17/2017 12:00:00 AM,0,,2 7/8,8735
4238340016,5d71367c-e567-4f52-bc8c-95a34f8a9667,1/12/2018 12:00:00 AM,6788,,2 7/8,6796
4238339998,bff45ed9-936d-43a3-bde0-b106a7333d1e,2/13/2018 12:00:00 AM,0,,2 7/8,6473
4200347643,7d1b8dde-56b7-46ae-981d-b794f17daf56,1/31/2018 12:00:00 AM,0,,2 7/8,8304
4216538625,07d0fe79-6ee1-447e-b1ac-cc1ae3578b2b,12/25/2017 12:00:00 AM,0,,2 7/8,4580
4216538601,1b560ee9-1e30-43b8-8172-de8de03c0389,11/3/2017 12:00:00 AM,0,,2 7/8,4762
4250136856,763530d1-7081-4d13-baa0-ee8b47314979,1/9/2018 12:00:00 AM,4599,,2 7/8,4599
4238936358,818ace5d-3fbb-401c-a74c-f9018ea42ecd,12/4/2017 12:00:00 AM,0,,2 7/8,9698
4229534342,5a1ab10f-0bd5-44cc-9195-fc8b63ead97b,12/12/2017 12:00:00 AM,7556,,2 3/8,7556
4212737642,d82d64b7-b7d4-4135-a26c-30f75e19b984,1/22/2018 12:00:00 AM,7101,,2 3/8,7122
4200943118,c776cb08-b192-4e4e-9ddf-60646b066fba,1/21/2018 12:00:00 AM,0,,2 3/8,5750
4222739246,502d6ea2-9ea6-4c06-8909-76f968b43a38,12/16/2017 12:00:00 AM,0,,2 7/8,6232
4212737651,362acc1f-8df3-42ce-a9e2-8eb72fce401d,1/26/2018 12:00:00 AM,7305,,2 3/8,7324
4216334082,79752099-b334-4d42-9308-8ebe90a2ece2,2/6/2018 12:00:00 AM,8094,,2 3/8,8105
4213543550,528a93fc-d6ab-4d17-b6cd-90e0d0ad32b1,12/11/2017 12:00:00 AM,0,,2 7/8,4574
4212737640,b75f50f7-3149-47da-8190-a477696ecdc7,1/26/2018 12:00:00 AM,7216,,2 3/8,7235
4216538609,163f46c9-359a-420f-9b2d-d75aac19712c,12/2/2017 12:00:00 AM,0,,2 7/8,4755
4216334083,75988429-6fe6-4c36-89d6-f511469ad055,2/6/2018 12:00:00 AM,7793,,2 3/8,7815
4213543551,b02223a8-f3e8-4622-83d7-fd51f5882b6d,12/11/2017 12:00:00 AM,0,,2 7/8,4535
17069204550000,efc96abf-f242-4ae9-8dc5-1a186db8c44a,1/8/2018 12:00:00 AM,3655,3668,02&03/08,0
17113225110000,53cc3209-b120-47ff-bc24-ecda794808ec,1/2/2018 12:00:00 AM,5017,4998,02&03/08,0
17017361500000,825f0aad-a7bc-405d-83f7-efaf2ca932b5,1/19/2018 12:00:00 AM,,1730,02&07/08,0
4242937025,e4a2ee31-778c-446c-94e8-0c25d282774d,1/5/2018 12:00:00 AM,0,,2 7/8,3317
4200347670,4b354fae-72d1-48b7-9acc-2a26c7f99781,1/23/2018 12:00:00 AM,0,,2 7/8,4732
4211533768,83466d5a-d956-4cd9-b316-2e6a7c73424d,1/13/2018 12:00:00 AM,0,,2 7/8,7893
4246140724,e8ea1d7d-f270-4042-819f-311923e8265e,1/24/2018 12:00:00 AM,0,,2 7/8,1998
4237139613,21d0633b-5f5b-4b3f-8566-3609751f595e,1/31/2018 12:00:00 AM,0,,2 7/8,9699
4200347673,0be7363b-23c0-492e-a215-3bcc5ac8a5db,1/13/2018 12:00:00 AM,0,,2 7/8,4688
4246934387,d86653df-c919-43aa-ae1a-3c1c3d96db38,1/9/2018 12:00:00 AM,5130,,2 7/8,5134
4246934385,1fd3d911-e3ff-437f-a4fa-4422550d9a3f,1/26/2018 12:00:00 AM,6709,,2 7/8,6702
4216538569,18a26c36-c091-4b9b-b06c-4a32d1a7a499,12/21/2017 12:00:00 AM,0,,2 7/8,3896
4242937024,38a9d2d5-afd4-4ee7-8ae9-4a928f2c3ac9,1/16/2018 12:00:00 AM,0,,2 3/8,4259
4236130983,04d94310-f2e6-438f-b5c7-52d3d59d3d36,12/22/2017 12:00:00 AM,9614,,2 3/8,9632
4248733147,b6d117d8-8bdc-420b-ac3f-6b012bcab5e5,1/12/2018 12:00:00 AM,0,,2 7/8,2338
4200347655,258ea081-b799-4624-a2fc-8d49d743394f,12/18/2017 12:00:00 AM,0,,2 7/8,4779
4249533982,46a3adcb-4bbb-4bbc-8dee-98f0ebd58a6a,1/31/2018 12:00:00 AM,0,,2 7/8,5210
4200347674,3ccf8a47-55a7-405e-a60e-9c0a5c8f110c,1/20/2018 12:00:00 AM,0,,2 7/8,4753
4250342380,17c99554-f648-4ef2-9443-a9743a1f592b,1/15/2018 12:00:00 AM,0,,2 3/8,4509
4244736748,4beadfee-aafa-440e-8428-acd60fcdeb43,1/15/2018 12:00:00 AM,0,,2 3/8,4028
4250342379,067cc3a3-36ff-4a4a-97b1-c5736bad3e27,1/3/2018 12:00:00 AM,0,,2 3/8,668
17119200790000,4f60b3d0-953c-462f-a797-d93a30b22a62,12/15/2017 12:00:00 AM,,7094,02&03/08,0
17109242330000,8ee8736f-0a7b-4c8d-adc2-047071195dd7,1/4/2018 12:00:00 AM,10700,10722,02&03/08,0
4205937119,e07dc4f6-8cce-42fc-8c54-0c239bfbd66c,1/23/2018 12:00:00 AM,0,,2 3/8,360
4220732920,fe65af23-c3fa-4962-bb81-536e8b8ad3b8,1/23/2018 12:00:00 AM,0,,2 7/8,5350
4205937121,70b4f8c3-c7f4-431b-bbed-67f1b15040d4,1/25/2018 12:00:00 AM,0,,2 3/8,355
4237331321,e16fe5d1-87b9-4a4a-8e7e-682eafb87485,1/15/2018 12:00:00 AM,3930,,2 7/8,4084
4243334151,f24e4b8b-99e5-4713-a464-a2f466164e19,1/19/2018 12:00:00 AM,0,,2 3/8,2962
4241739627,e1e60d6e-5496-4b76-93b5-caeb082e9e17,1/28/2018 12:00:00 AM,0,,2 3/8,590
4248546059,08981dc5-72bc-4947-87b1-14be410c8dc0,12/22/2017 12:00:00 AM,0,,2 3/8,1970
4200347626,a8131dd8-59aa-4997-a5e3-a9679f1c4352,12/1/2017 12:00:00 AM,0,,2 7/8,4814
4239935535,2d34d118-ee22-4e28-b69f-d64d34b01768,1/1/2018 12:00:00 AM,4477,,2 7/8,4537
4247537344,e6072e93-3a0d-4e49-8a35-93088734b731,1/12/2018 12:00:00 AM,8417,,2 7/8,8417
4243334141,dfb708d6-740d-4ec3-9d86-62ba38ccfa2b,1/4/2018 12:00:00 AM,0,,2 3/8,4602
4236336339,c9f1a08b-9476-49ad-8a1a-da50bb88665f,1/22/2018 12:00:00 AM,0,,2 3/8,4036
4236336339,c9f1a08b-9476-49ad-8a1a-da50bb88665f,5/10/2018 12:00:00 AM,0,,2 3/8,4050
4243334127,d5134a90-1416-44e9-9b08-eaae442f8b4a,12/9/2017 12:00:00 AM,0,,2 7/8,4512
4222739168,48025a6b-a2c2-4a33-a4eb-539509d231e6,9/6/2017 12:00:00 AM,0,,2 7/8,7000
4248733144,a08e20af-4bd4-4ac8-bc34-959618bb6551,1/27/2018 12:00:00 AM,0,,2 3/8,1686
4223534170,214e47c9-6260-41c3-9d02-38bd241c1409,,0,,2 3/8,6219
4223534170,214e47c9-6260-41c3-9d02-38bd241c1409,1/21/2018 12:00:00 AM,0,,2 3/8,1430
4239331581,16eaefc9-8d4b-4b9b-8f28-230c23917dcc,,11181,,2 3/8,11181
4240133958,8eb82788-545e-424e-9d16-b45511cb0bda,2/16/2018 12:00:00 AM,0,,2 3/8,7386
4249532691,f78db252-fb7e-453c-aca4-89d61d5d0c12,7/17/1997 12:00:00 AM,5501,,2 7/8,5501
4240133592,294499eb-2103-446e-b4d8-c3a0df058fbe,3/10/2018 12:00:00 AM,7380,,2 3/8,7388
4240133592,294499eb-2103-446e-b4d8-c3a0df058fbe,5/9/2018 12:00:00 AM,0,,2 3/8,7608
4220334050,910cc3c0-8a91-4804-8f43-0d6ce14faf63,2/16/2018 12:00:00 AM,0,,2 3/8,8809
4220334050,910cc3c0-8a91-4804-8f43-0d6ce14faf63,4/18/2018 12:00:00 AM,8949,,2 3/8,8956
4231735417,4c6d9ce2-e176-47ca-b606-4ba659ec1bc8,,0,,2 3/8,7940
4231735417,4c6d9ce2-e176-47ca-b606-4ba659ec1bc8,2/8/2018 12:00:00 AM,0,,2 3/8,7412
4220333826,6632c6f9-3451-412c-9350-b12d729932ca,,8273,,2 3/8,8273
4220333826,6632c6f9-3451-412c-9350-b12d729932ca,2/13/2018 12:00:00 AM,5398,,2 3/8,5405
4221532833,ed2e9095-be19-443e-b498-7579177744de,3/24/2018 12:00:00 AM,11400,,2 3/8,11400
4222738117,e82c6167-7206-4517-8d68-4709f629ac1e,2/16/2018 12:00:00 AM,0,,2 7/8,8004
4247536657,6611857c-4d3a-4819-9f29-874f5ccd6520,2/22/2018 12:00:00 AM,9848,,2 7/8,9871
4210731102,389fd458-8fd8-47b4-bbad-63cb461fd074,,4105,,2 7/8,4105
4210731102,389fd458-8fd8-47b4-bbad-63cb461fd074,,0,,2 7/8,4268
4210731102,389fd458-8fd8-47b4-bbad-63cb461fd074,2/16/2018 12:00:00 AM,4099,,2 3/8,4099
4201334831,c040870c-d2e2-4406-a83b-84356735f90e,2/11/2018 12:00:00 AM,0,,2 3/8,10032
4201334829,30529517-8b82-462c-ba77-d4701d6d7823,2/11/2018 12:00:00 AM,0,,2 3/8,10095
4230132298,4223e1d1-5fcc-4410-acbb-3e7c8c840dc3,1/24/2015 12:00:00 AM,10614,,2 3/8,10637
4230132298,4223e1d1-5fcc-4410-acbb-3e7c8c840dc3,1/24/2015 12:00:00 AM,0,,,0
4201335176,79ace2aa-ed78-445d-b368-92e73878413d,2/11/2018 12:00:00 AM,0,,2 3/8,10197
4201335221,8bef965d-1e05-41cc-b63d-82abfe6afa69,2/11/2018 12:00:00 AM,0,,2 3/8,10139
4238934718,feae2cc8-6439-4a22-8aa7-0f7fb28507d7,9/18/2016 12:00:00 AM,10190,,2 7/8,10213
4247536935,fdb27abc-cd0b-4a95-ab80-1722cccc6430,2/11/2018 12:00:00 AM,10595,,2 7/8,10623
4231136355,80a566aa-5177-44b6-83d6-1a87f5d0d4a4,5/28/2015 12:00:00 AM,11598,,2 3/8,11613
4222738451,947d2b0b-ba54-4871-8842-889e3924411b,3/24/2015 12:00:00 AM,0,,2 7/8,9972
4222738451,947d2b0b-ba54-4871-8842-889e3924411b,8/3/2016 12:00:00 AM,0,,2 7/8,9976
4222738451,947d2b0b-ba54-4871-8842-889e3924411b,2/13/2018 12:00:00 AM,0,,2 7/8,9242
4247536931,7bb1efaf-80a3-45b4-bbff-c4c78181966d,2/5/2018 12:00:00 AM,10684,,2 7/8,10714
4238934719,71b5fda0-f74d-4ff0-8abe-e8c9454866d1,9/18/2016 12:00:00 AM,9801,,2 7/8,9794
4238934797,371ba479-8e2e-4045-8702-78b222f91c7f,11/1/2015 12:00:00 AM,9734,,2 7/8,9757
4238934953,93454ba4-29bc-4396-8a4f-3670c66edd1e,3/3/2016 12:00:00 AM,9720,,2 7/8,9738
4238935032,d8d6f7cc-c060-4115-8346-20bd38299538,12/22/2015 12:00:00 AM,9282,,2 7/8,9294
4238935096,73803845-0394-4cf2-a797-a538e7def079,9/16/2016 12:00:00 AM,10381,,2 7/8,10398
4238935070,8819748c-a8ad-43ea-887c-a8747f8814ed,2/11/2016 12:00:00 AM,9181,,2 7/8,10165
4238935158,4e5be8f4-d6a8-4115-9e65-53cc1c48ada4,5/23/2016 12:00:00 AM,9368,,2 7/8,9374
4238935159,415a096a-5eb2-4d5d-8078-671b4190d53e,7/13/2016 12:00:00 AM,9926,,2 7/8,9942
4238935172,83fffbe4-9a48-4b99-b521-3fd08f4919b2,7/9/2016 12:00:00 AM,9867,,2 7/8,9889
4238935172,83fffbe4-9a48-4b99-b521-3fd08f4919b2,7/9/2016 12:00:00 AM,0,,,0
4247537077,7a2fd7e1-e6b4-4d43-a0b7-41a47d53c612,1/2/2018 12:00:00 AM,10670,,2 7/8,10700
4247537092,938fb108-7c86-49c6-a85a-7c39dbb814a7,2/13/2018 12:00:00 AM,9830,,2 7/8,9860
4238935182,8577d6f7-ac86-4b4f-932f-df83a018f06f,5/24/2016 12:00:00 AM,9181,,2 7/8,9203
4225535045,4a7605fb-2974-4171-bdca-1c84558d4b30,9/10/2016 12:00:00 AM,10641,,2 3/8,10657
4230132923,eb633803-9072-4170-a7bf-224785965fc2,12/5/2017 12:00:00 AM,11510,,2 7/8,11540
4216538408,befa96b6-4e8e-4239-93df-8a7afb388d6c,2/11/2018 12:00:00 AM,0,,2 7/8,5490
4238935270,aacd900c-819e-486d-a5aa-a336aaa492b0,9/30/2016 12:00:00 AM,10298,,2 7/8,10316
4235333597,01561259-f4ae-46a8-a339-b2c057bd3cb1,9/30/2016 12:00:00 AM,0,,,0
4235333597,01561259-f4ae-46a8-a339-b2c057bd3cb1,9/30/2016 12:00:00 AM,0,,2 7/8,5357
4235333597,01561259-f4ae-46a8-a339-b2c057bd3cb1,2/20/2018 12:00:00 AM,0,,2 7/8,4999
4238935280,b18c8734-1542-47c5-835a-b6104c291e04,8/18/2016 12:00:00 AM,9305,,2 7/8,9323
4231740454,04047e4e-2d01-405d-86a6-d860cd9bf919,2/9/2018 12:00:00 AM,8827,,2 7/8,8842
4246140391,78ae61bf-3f91-4f01-99d9-5c02a9105a86,2/9/2018 12:00:00 AM,0,,2 7/8,8802
4230132955,4ab7f53a-b6ad-432e-ae2d-81638db33966,11/13/2017 12:00:00 AM,11957,,2 7/8,11987
4230132954,0a1ea912-8d78-4c5a-9f94-b8046fc87b4e,11/22/2017 12:00:00 AM,11804,,2 7/8,11834
4230132968,7ee39c48-2e79-46c2-8508-efca748d9a28,1/4/2017 12:00:00 AM,10420,,2 7/8,10427
4217337453,a1c74a3c-eaac-482e-9948-14e161010185,4/3/2018 12:00:00 AM,0,,2 7/8,6618
4217337477,56d00859-217f-461b-8da3-2b455dc23d0b,2/10/2018 12:00:00 AM,0,,2 7/8,8525
4230133011,c850cb70-adfe-4a99-80c1-30853dfc2f78,5/2/2017 12:00:00 AM,10540,,2 7/8,10547
4230133019,711ad7c6-1eae-49ae-b3c3-3853faa2d08c,2/7/2018 12:00:00 AM,10961,,2 7/8,10991
4230132964,5d4b79be-33cc-421c-90a8-3ee02880a245,1/4/2017 12:00:00 AM,10597,,2 7/8,10604
4235733629,0c9d7932-b770-420d-897b-44d9b93654d7,2/5/2018 12:00:00 AM,0,,2 7/8,6841
4230133052,fb0b748f-b8d4-490e-8acb-457f88cf373c,2/9/2018 12:00:00 AM,10768,,2 7/8,10799
4232941278,058340fc-2fe7-4440-8b8f-78a234e85c88,2/28/2018 12:00:00 AM,0,,2 7/8,8770
4217337478,a8925022-a987-4531-a1bc-9184f5ebb76a,2/10/2018 12:00:00 AM,0,,2 7/8,8423
4247537148,82a9ed1f-87c1-4802-8c58-a0988b490262,2/23/2018 12:00:00 AM,0,,2 7/8,10905
4232941279,d5e6b086-9c99-4df4-9fca-ab96f3858446,2/26/2018 12:00:00 AM,0,,2 7/8,8806
4239532002,63a03821-2b8b-45d1-903c-b6820227c5b2,1/5/2017 12:00:00 AM,0,,2 7/8,7300
4239532002,63a03821-2b8b-45d1-903c-b6820227c5b2,1/9/2018 12:00:00 AM,6321,,2 7/8,6394
4238935477,8a65cc6e-a72b-43e9-a0d9-d12661c56067,1/9/2017 12:00:00 AM,9731,,2 7/8,9724
4232941277,b3e38ba6-4fbd-49a1-b03e-db9665912580,2/28/2018 12:00:00 AM,0,,2 7/8,8868
4232941275,8daad9b3-0b4c-4ac5-8740-e664c8812986,2/28/2018 12:00:00 AM,0,,2 7/8,8906
4250136719,e6f0f0f3-a8a4-4013-aea5-e77ae93c9a55,2/11/2018 12:00:00 AM,0,,2 7/8,4518
4247537147,7a89fd1f-88f1-4419-8a83-ea8d474d5ccc,2/23/2018 12:00:00 AM,0,,2 7/8,10900
4232941276,d9e6ecfb-5ded-41ee-a54d-eb58554871f1,2/26/2018 12:00:00 AM,0,,2 7/8,8790
4247943677,74a52914-9892-49ad-9c2c-1a19579d5805,2/21/2018 12:00:00 AM,0,,2 3/8,7265
4217337515,a852fc76-9c6b-4570-a6dd-203b9b59a68b,2/27/2018 12:00:00 AM,0,,2 7/8,7521
4247943657,83a4ebae-1f59-407d-9f87-585ba171b3e7,8/8/2017 12:00:00 AM,0,,2 3/8,9500
4210933032,82f86c89-5edd-40aa-b864-60c316737b93,5/4/2017 12:00:00 AM,7998,,2 7/8,8014
4247943656,79b240ae-b0f2-4065-b056-9ad2433ce301,8/8/2017 12:00:00 AM,0,,2 3/8,9671
4232941346,2baf9edf-1c69-4d76-9739-a16f55a6c73a,1/20/2018 12:00:00 AM,9112,,2 7/8,9125
4232941357,d2a1ed6e-e309-4554-9bb1-abbf0c4955e7,1/19/2018 12:00:00 AM,0,,2 7/8,9531
4230133181,187a6c6e-eca3-4b2a-9002-aefc3ffd2cab,12/24/2017 12:00:00 AM,11057,,2 7/8,11086
4217337514,d4da3c21-c82d-467c-849f-c8be5f3a559a,2/26/2018 12:00:00 AM,7822,,2 7/8,7822
4247943668,d19ec0f3-ba27-4838-bab7-d53fb7e9dc53,2/21/2018 12:00:00 AM,0,,2 3/8,7235
4247943658,b4d95480-59d0-4c41-90e6-e35d72f60d1b,8/7/2017 12:00:00 AM,0,,2 3/8,9562
4210933034,25a3ebbe-4017-4336-a1d4-eacb0d53e34c,6/29/2017 12:00:00 AM,7561,,2 7/8,7578
4238935630,ccbd392c-ac3f-4cb1-8fa4-f49834260869,2/17/2018 12:00:00 AM,10041,,2 7/8,10096
4223933833,db1c7508-1af8-47eb-8d04-f7802e0be0c0,7/27/2017 12:00:00 AM,6060,,3 1/2,6060
4213543502,48b36b30-0e9f-4d2a-86cd-0487f3f8bc65,9/8/2017 12:00:00 AM,0,,2 7/8,5342
4201335444,50116496-c91b-4ecb-a1a7-114b5035283c,2/16/2018 12:00:00 AM,10871,,2 7/8,10884
4231136688,c11bbd20-4b1c-40ce-a906-1cff813e3807,1/25/2018 12:00:00 AM,9403,,2 7/8,9425
4232941595,8f5cda5d-0125-4bdd-a58a-1deb93b63fce,2/16/2018 12:00:00 AM,0,,2 7/8,7858
4232941540,cf074b3c-29e1-4fae-9b1b-2356de487087,2/14/2018 12:00:00 AM,0,,2 7/8,9116
4232941516,99cfd503-9817-4b34-90df-3629bf71485c,2/20/2018 12:00:00 AM,0,,2 7/8,8273
4232941516,99cfd503-9817-4b34-90df-3629bf71485c,2/20/2018 12:00:00 AM,0,,,0
4211330274,19779c68-4169-4ded-b970-377a03ec994d,2/11/2018 12:00:00 AM,0,,2 7/8,9365
4232941517,c64f8a72-51dd-468b-88c8-37d2f59843dd,2/20/2018 12:00:00 AM,0,,2 7/8,9057
4223536183,ec2d5888-10a4-4404-8577-42758c13eb88,2/27/2018 12:00:00 AM,5920,,2 7/8,6188
4223536183,ec2d5888-10a4-4404-8577-42758c13eb88,2/27/2018 12:00:00 AM,0,,,0
4211330276,39e97374-aa65-42a6-b6a8-4456e2767273,2/11/2018 12:00:00 AM,0,,2 7/8,9392
4201335443,5f14dfbf-b58c-447b-bed4-44b0ce50466b,2/16/2018 12:00:00 AM,10864,,2 7/8,10877
4201335442,07d80ee4-3a78-447a-b272-45a931b71ab2,2/16/2018 12:00:00 AM,10775,,2 7/8,10788
4201335445,5434f8f8-1331-4e53-8558-484a8757f89f,2/16/2018 12:00:00 AM,10859,,2 7/8,10872
4232941590,463ca5dd-c68e-4e06-b17f-4cd878a96a60,2/25/2018 12:00:00 AM,0,,2 7/8,9422
4247537204,f8487b15-dc7b-46f3-8c56-551169958eb7,6/3/2017 12:00:00 AM,10655,,2 7/8,10674
4225535389,b10c4a54-9ad2-456a-a511-60e5b655bbd9,2/1/2018 12:00:00 AM,10699,,2 7/8,10713
4225535397,84926391-7241-4f97-8b35-6833c58cc652,7/31/2017 12:00:00 AM,10482,,2 3/8,10497
4230133218,5d5880fd-eadd-4993-b2ee-76beeb645727,2/14/2018 12:00:00 AM,11045,,2 7/8,11076
4238935830,390bc688-197b-4222-816f-7de1e0295051,2/12/2018 12:00:00 AM,9160,,2 7/8,9191
4231136689,3fd0d57e-57df-4953-9a9d-7ebd944e2dea,1/25/2018 12:00:00 AM,9505,,2 7/8,9528
4223933861,a3477bcf-f36d-4c28-8dfa-8121de7a0372,2/1/2018 12:00:00 AM,6130,,3 1/2,6130
4231136692,b36456b6-8bdd-4c30-ae80-856129b4d404,1/28/2018 12:00:00 AM,9566,,2 7/8,9587
4232941537,4c007d30-218c-4785-ad69-8ccce352fcc8,2/14/2018 12:00:00 AM,0,,2 7/8,8507
4211330275,41ff32a0-6278-4b75-8d73-95010cc43c76,2/13/2018 12:00:00 AM,0,,2 7/8,9452
4230133228,1de352fc-f925-41a0-89d6-97fdc35d170b,2/8/2018 12:00:00 AM,10940,,2 7/8,10909
4238935817,aa4b9b26-d376-4d65-aba0-993f832e8027,2/1/2018 12:00:00 AM,9746,,2 7/8,9776
4231136690,f06fd5a7-490c-492e-b4ee-a8b6c2dd89f2,1/28/2018 12:00:00 AM,9511,,2 7/8,9534
4232941536,c51f13ba-9608-4f94-8e4a-b7e4bd08b2dd,2/14/2018 12:00:00 AM,0,,2 7/8,8565
4211330277,faf1cdab-06fc-4c8a-9e90-bd8f58bc1d5a,2/13/2018 12:00:00 AM,0,,2 7/8,9341
4225535390,8ea640b1-5588-4c33-8189-bd95eae0e73b,2/1/2018 12:00:00 AM,10650,,2 7/8,10663
4217337531,12fad3f4-8a39-4002-864c-c3828f5133e7,3/13/2018 12:00:00 AM,0,,2 7/8,8259
4225535392,869fc1a6-9d7c-48ab-8f23-ca3bd1c5c785,2/1/2018 12:00:00 AM,10483,,2 7/8,10496
4232941591,0db2e28a-f6bb-4137-9c7a-cb426e996fef,2/22/2018 12:00:00 AM,0,,2 7/8,9320
4238935768,2fdb6d3a-7d58-4abf-a026-cfedd4133e6b,1/31/2018 12:00:00 AM,9178,,2 7/8,9201
4242332395,e5f3b0ba-0d9d-4d5c-8bde-db48b31e0eff,5/14/2017 12:00:00 AM,6996,,2 3/8,7550
4231136691,2ba7b7b9-e0b6-44a6-b193-dd3ed595bacf,1/29/2018 12:00:00 AM,9510,,2 7/8,9532
4225535391,64985450-6c28-48d5-b286-de6f3f9de0f4,2/1/2018 12:00:00 AM,10697,,2 7/8,10710
4230133216,66e18081-9cf2-4edf-9ce0-e3f8c124ba4b,2/9/2018 12:00:00 AM,11018,,2 7/8,11046
4230133229,6ee47b62-fc45-4343-bf20-f4e6df579d6b,2/13/2018 12:00:00 AM,10972,,2 7/8,11003
4230133200,b476b3f7-2f97-4d5d-9dca-f936f41ea00a,12/24/2017 12:00:00 AM,11100,,2 7/8,11129
4238935854,2d40b694-6511-4bd0-9fc3-01622989acb8,2/3/2018 12:00:00 AM,9470,,2 7/8,9501
4238935846,8abda1e4-5626-4400-8f6b-0204e2dbeb76,2/10/2018 12:00:00 AM,9697,,2 7/8,9727
4232941643,995921bf-e9d4-40a5-b2c8-03b7e61fbb7e,2/16/2018 12:00:00 AM,0,,2 7/8,9009
4232941646,da9d857f-f566-41e3-b8da-0959eb6098b2,2/20/2018 12:00:00 AM,0,,2 7/8,8708
4228336002,a71294f8-86c4-47b8-8c85-0fe53fde2a2b,2/5/2018 12:00:00 AM,8737,,2 7/8,8757
4228336000,8c1a550b-a314-45bd-8c93-18f85b4e1ef2,2/5/2018 12:00:00 AM,8758,,2 7/8,8778
4203933297,93cf0bb1-bae2-40ed-bc28-2c1cd45502aa,6/24/2017 12:00:00 AM,9763,,2 7/8,9788
4203933297,93cf0bb1-bae2-40ed-bc28-2c1cd45502aa,7/13/2017 12:00:00 AM,9306,,2 7/8,9329
4203933297,93cf0bb1-bae2-40ed-bc28-2c1cd45502aa,2/6/2018 12:00:00 AM,8777,,2 7/8,8815
4228336003,b3134861-eca6-4b9c-906d-5b56b3f49532,2/5/2018 12:00:00 AM,8729,,2 7/8,8749
4213543515,4bd4808c-60a9-42a5-bd03-70203b217904,9/21/2017 12:00:00 AM,0,,2 7/8,5361
4228336001,5d5f4e6e-8c24-4133-8a94-71d2dd15ea5a,2/5/2018 12:00:00 AM,8706,,2 7/8,8726
4232941645,b40c63aa-9797-450a-b7bc-74550b9cc853,2/20/2018 12:00:00 AM,0,,2 7/8,8603
4212737514,a08636f2-383e-42b3-a2d2-b0fa2d78684d,11/28/2017 12:00:00 AM,7224,,2 7/8,7245
4212737516,4396bb95-ea00-4f42-979e-b4cd3a020e15,11/28/2017 12:00:00 AM,7179,,2 7/8,7200
4238935889,a55d334c-c7fe-48b6-9be4-c1ccc296fa53,2/6/2018 12:00:00 AM,9640,,2 7/8,9716
4232941644,a2cecbc0-c35d-4451-b701-d73ec9c39d06,2/16/2018 12:00:00 AM,0,,2 7/8,9198
4247943700,3063e514-4a58-4232-8573-d7437d429e0f,11/9/2017 12:00:00 AM,10596,,2 7/8,10596
4212737492,ec0b91b2-7bc1-4e08-ad1f-f160b39c0807,11/4/2017 12:00:00 AM,0,,2 7/8,6284
4231740818,a5e20b2c-af8c-4a90-acf3-02a961a4d20a,2/5/2018 12:00:00 AM,0,,2 7/8,9330
4238339874,ace5ccb3-0212-4db4-8af9-04e72e7e21c9,2/4/2018 12:00:00 AM,7698,,2 7/8,7800
4238339874,ace5ccb3-0212-4db4-8af9-04e72e7e21c9,2/4/2018 12:00:00 AM,0,,,0
4234133454,9ff6f97a-d93a-4418-890b-183b7ce63c3e,8/8/2017 12:00:00 AM,0,,2 3/8,2209
4210732145,fb4ea34a-1f98-4542-87bd-20cfee74760b,2/26/2018 12:00:00 AM,0,,2 3/8,3920
4238339873,912815bc-af8e-4b68-af1b-58b847de1d08,2/24/2018 12:00:00 AM,7474,,2 7/8,7486
4231740812,ec2ba060-bf11-4d3c-9afe-5a8c1229aeb3,2/7/2018 12:00:00 AM,0,,2 7/8,9510
4230133365,8f6bc14a-5103-42e8-9ff7-68f0a0fe0673,2/20/2018 12:00:00 AM,11525,,3 1/2,11525
4247943724,00fc4cfa-d34e-48df-8603-702048e4d70a,9/6/2017 12:00:00 AM,12734,,2 7/8,12734
4247943725,9525c5f7-add4-4ac0-b0ab-73f8d04eb706,9/6/2017 12:00:00 AM,12400,,2 7/8,12400
4249737929,b0ab26b5-d258-4adc-b261-8f0a34057d68,10/16/2017 12:00:00 AM,0,,2 7/8,8343
4217337592,09fe9cda-a41a-4d82-a6e8-8fbfa4a3b911,9/10/2017 12:00:00 AM,0,,2 7/8,7283
4221135577,b19c6acb-85b7-4e72-85b0-9b14f127f19c,10/13/2017 12:00:00 AM,11135,,2 3/8,11052
4247537244,66f755ae-500e-4b2a-997a-a17ccfedc5f6,2/7/2018 12:00:00 AM,10312,,2 7/8,10273
4223933875,2fdedbcc-3d31-45e9-ae1e-fa3e33dfb5e2,10/2/2017 12:00:00 AM,8751,,2 3/8,8751
4238339885,ae53f1e3-1a42-423d-8972-b1fd131f3fc9,9/7/2017 12:00:00 AM,7937,,2 7/8,7945
4222739136,39b9fbe1-f72b-47b0-9b5a-c62ac2b4a7ef,11/14/2017 12:00:00 AM,0,,2 7/8,6875
4217337607,e4636dc6-cb32-4cb1-8718-003de2761244,2/13/2018 12:00:00 AM,0,,2 7/8,8617
4232941770,36bbaf4c-1365-444f-b137-0d3ac5950c0f,2/17/2018 12:00:00 AM,0,,2 7/8,7800
4247943729,40becc8a-4480-4e8e-93de-12cdecfb478c,11/23/2017 12:00:00 AM,8000,,2 3/8,8020
4232941754,c03a6890-9cbe-4a89-8ea8-17888eb4db49,2/17/2018 12:00:00 AM,0,,2 7/8,8000
4217337638,35cad2be-d5a4-450e-9619-2da97b2a3505,2/19/2018 12:00:00 AM,7980,,2 7/8,7995
4217337647,3c3aa7c0-966e-49ae-b235-2fba67523fd3,2/27/2018 12:00:00 AM,0,,2 7/8,7749
4238339918,5ce658df-23fc-42a2-8788-34f5ec79ba0f,12/7/2017 12:00:00 AM,0,,2 7/8,8829
4246140614,7fb9cfc4-bd26-488f-bd01-3c7113338214,2/10/2018 12:00:00 AM,9054,,2 7/8,9054
4211330279,982a8172-b221-4165-bfab-558795a7460d,2/16/2018 12:00:00 AM,0,,2 3/8,9158
4247943727,c8092356-33db-4b53-8634-642c10232de5,2/11/2018 12:00:00 AM,10749,,2 3/8,10749
4200347594,6139f99b-c4d4-4fa5-8a33-6c84080cfe3a,2/13/2018 12:00:00 AM,0,,2 3/8,8318
4211330280,d0d1b612-7c7c-42f8-99ba-8a65839dd8c0,2/15/2018 12:00:00 AM,0,,2 7/8,9463
4232941764,ad0ffa5f-6cd0-448b-ab2a-94df6f3adaaf,2/28/2018 12:00:00 AM,5000,,2 7/8,5000
4238339904,5f98d449-5726-441c-93e8-96a2d3817181,4/26/2018 12:00:00 AM,0,,2 7/8,7100
4238339906,a76a9972-6b30-4b69-b86b-9ed55a26248b,4/26/2018 12:00:00 AM,0,,2 7/8,6700
4247943726,8468bd45-9925-407f-9a40-9fe237e813fc,2/11/2018 12:00:00 AM,10878,,2 7/8,10878
4232941755,613f2cd3-a15e-42ab-805c-bf1a0abc0064,2/17/2018 12:00:00 AM,0,,2 7/8,7742
4217337606,fa1e4585-d5b2-4dd8-9bfc-caef6e868d83,2/23/2018 12:00:00 AM,0,,2 7/8,8181
4217337637,7024a380-8978-4a35-8a1a-d58afee2390e,2/19/2018 12:00:00 AM,8265,,2 7/8,8281
4238339903,7e715d56-395f-4ca3-acf3-eba284351dcf,4/30/2018 12:00:00 AM,0,,2/78,6775
4238936050,eaaf8361-b6d6-4e4a-b13a-f9564bd572a2,2/14/2018 12:00:00 AM,9230,,2 7/8,9260
4230133408,8ee30bd4-2e38-4cc2-9d1d-fcef8b08f387,2/13/2018 12:00:00 AM,10975,,2 7/8,10975
17015250900000,20b43719-cd64-4e00-8acc-104cd14d9ea1,2/5/2018 12:00:00 AM,,399,02&00/00,0
17015250970000,1522e180-263a-4ea0-b265-1cc31b412a69,2/2/2018 12:00:00 AM,,413,02&00/00,0
17015250910000,fe5bd53c-0431-44c8-946c-524b5fb960a4,2/12/2018 12:00:00 AM,,390,02&00/00,0
17015250950000,fcf3b95d-7b22-484f-9692-69333e12a8ed,2/13/2018 12:00:00 AM,,370,02&00/00,0
17015250930000,2bf5d7d2-d084-4df9-ab70-c13d4e08e89c,2/1/2018 12:00:00 AM,,435,02&00/00,0
17015250960000,53ca019c-4c9d-4d54-9d6c-c36bc65c5860,2/1/2018 12:00:00 AM,,395,02&00/00,0
17015250940000,607f2111-59d9-41cc-a9d9-e8321bbdc76a,2/15/2018 12:00:00 AM,,425,02&00/00,0
17015250920000,a012cf9b-fa7f-42ce-be39-f0f84e252e63,2/2/2018 12:00:00 AM,,409,02&00/00,0
4247537262,9def3e4d-5163-48fb-8f9e-1639f86310bf,4/26/2018 12:00:00 AM,0,,2 7/8,10882
4247537272,92dd8ec0-da3d-495c-bd63-2e097a7e8a6e,10/26/2017 12:00:00 AM,0,,4 1/2,8976
4201335509,a2681b31-cf1d-467b-a711-32a7c7ac56f9,6/1/2018 12:00:00 AM,0,,2 3/8,6974
4200347600,03e275ed-e91f-4408-8379-5490a11ea85c,2/21/2018 12:00:00 AM,0,,2 3/8,8325
4218332163,10eac4dd-4d7b-4c40-b97f-593000913f78,12/6/2017 12:00:00 AM,0,,2 3/8,10289
4225535543,ef4561bb-efca-4a8e-a2dd-622bdc3a2d44,2/24/2018 12:00:00 AM,12001,,2 7/8,12014
4238339910,84ba8caf-de84-4a0d-a6c9-77b29e27f8e8,2/5/2018 12:00:00 AM,0,,2 7/8,8719
4203332429,86fd5ca9-d46a-432f-abdb-77f670486cbb,2/2/2018 12:00:00 AM,0,,2 7/8,7143
4225535544,b52699f5-67ef-47f9-ba47-85a1660b0587,2/24/2018 12:00:00 AM,11987,,2 7/8,11999
4217733858,cb7da5cc-1ffe-4b0a-8af1-a853d7d74029,2/12/2018 12:00:00 AM,10284,,2 7/8,10303
4232941850,811f047b-2274-42b7-b8af-a93979e0497d,2/24/2018 12:00:00 AM,8438,,2 7/8,8449
4231740915,1deddec4-83ec-443c-b56c-b1975a0e2ab5,2/9/2018 12:00:00 AM,7408,,2 7/8,7445
4235733653,c34dbbcb-c7f7-48c3-94f5-b1ac43e6b118,1/10/2018 12:00:00 AM,0,,2 7/8,6943
4238339912,4db753e8-34d4-4cee-8064-b987ef3d5ceb,2/6/2018 12:00:00 AM,0,,2 7/8,8861
4217733859,1dfc8f59-3799-4494-8337-d2c069708ac9,2/12/2018 12:00:00 AM,9766,,2 7/8,9785
4217733857,f4dfaf8a-35f9-41f0-9845-d9d8898f60f2,2/12/2018 12:00:00 AM,10307,,2 7/8,10326
4235333639,6f7e9291-cee3-4aba-a9de-e89887a6b171,1/26/2018 12:00:00 AM,0,,2 3/8,6827
4200347597,16fc8127-ebb8-4a30-bc97-f0dde57e34f4,2/22/2018 12:00:00 AM,0,,2 3/8,8293
4238339911,41a24c4c-d122-4cdd-b2d2-f2f9e6ab378a,2/6/2018 12:00:00 AM,0,,2 7/8,8678
4225535545,2db149f4-5d6e-4f96-84b3-f54ea585222f,2/24/2018 12:00:00 AM,11980,,2 7/8,11993
17029232740000,3eae586b-6982-4326-b6cd-c7036a7241c3,12/13/2017 12:00:00 AM,,4008,02&07/08,0
4248135422,2761657d-6809-472e-ba34-1e0e658dc730,2/12/2018 12:00:00 AM,6292,,2 7/8,5343
4217733868,555a6817-e00b-4abb-ae8a-24d53a64cc87,2/12/2018 12:00:00 AM,10010,,2 7/8,10030
4213139604,9921b831-2f00-415c-8fbe-3c0f5d351335,11/3/2017 12:00:00 AM,0,,2 3/8,1120
4231740939,664d5ffb-8817-4677-a974-5f3ce9c8a24a,2/2/2018 12:00:00 AM,7185,,2 7/8,7214
4228336134,27b712e0-f4ed-41a7-8f90-61ffa8037695,2/6/2018 12:00:00 AM,8393,,2 7/8,8413
4216334081,08bcb6e5-e7b3-431d-a496-6460499c9a55,2/9/2018 12:00:00 AM,7743,,2 7/8,7753
4217733861,505cea44-cbbe-49d1-b5aa-6bddae74d4af,2/3/2018 12:00:00 AM,0,,2 3/8,11636
4213139602,05696857-0569-47fc-8212-70e4d4e4abec,11/6/2017 12:00:00 AM,0,,2 3/8,1113
4217337706,534d61c4-3516-434f-bbcf-7345a17e3661,1/24/2018 12:00:00 AM,0,,2 7/8,7436
4217337707,acb20d49-5d1c-4b0c-9859-7610f9f408e5,1/23/2018 12:00:00 AM,0,,2 7/8,7410
4222739235,39ed5a81-617e-4eda-9a4e-9583863a55b7,2/11/2018 12:00:00 AM,0,,2 7/8,6303
4216334080,8b074a7c-b355-4815-8f1e-98c302346a3a,2/10/2018 12:00:00 AM,7712,,2 7/8,7722
4217733863,2e224623-d0d8-4fa7-9d45-b04f297efb9c,2/3/2018 12:00:00 AM,0,,2 3/8,10842
4217733862,96232c17-0dc6-4ab1-b8d9-c77e07ef6837,2/3/2018 12:00:00 AM,0,,2 3/8,10884
4216538603,22f3202a-4c71-463b-9da3-ce2543fd08e0,2/22/2018 12:00:00 AM,8449,,4 1/2,8462
4228336133,80589ff4-10ee-4afc-a4c9-e138df8f88ba,2/6/2018 12:00:00 AM,8492,,2 7/8,8512
4200530415,37fb90a2-259c-41c5-a42a-ef58d3391d66,2/15/2018 12:00:00 AM,15300,,2 7/8,15378
4213139603,547ea355-9353-489d-a693-f839b0eaf353,11/19/2017 12:00:00 AM,0,,2 3/8,1120
4231740927,81c1e124-6c8b-4c2e-8b52-f9ef6a8bcc86,2/2/2018 12:00:00 AM,8108,,2 7/8,8119
17011212070000,350dce66-480c-4b39-92b3-a4d796839401,2/1/2018 12:00:00 AM,9890,9890,02&07/08,0
17011212060000,89b8702c-ba56-4d8f-8cc0-ae6651554235,2/1/2018 12:00:00 AM,9640,9570,02&07/08,0
4247537318,0090077a-6604-4c84-967b-069fb69d2cc2,2/2/2018 12:00:00 AM,10488,,2 7/8,10518
4201335528,c90602bb-f83c-48f7-bd65-07d8f5a36cc8,2/1/2018 12:00:00 AM,8470,,2 7/8,8479
4225535615,bb492062-57d1-44b2-9d9e-275794b065f9,2/21/2018 12:00:00 AM,12103,,2 3/8,150
4201335524,b9fbfc68-90ee-4902-ac1a-38902cd705ee,2/19/2018 12:00:00 AM,10781,,2 7/8,10794
4238936300,b78a0783-cdd0-4c8e-96f7-46a1d1b5c138,2/7/2018 12:00:00 AM,9891,,2 7/8,9901
4222739287,c7221e1d-85e9-479c-99e7-676876d9d2cf,2/5/2018 12:00:00 AM,0,,2 7/8,6477
4222739288,8b1b647b-7ec1-4f4e-8edc-739013ad782e,2/7/2018 12:00:00 AM,0,,2 7/8,6466
4232941941,1eff9987-e039-4937-bc3e-874862db51d5,2/13/2018 12:00:00 AM,0,,2 7/8,7885
4201335517,44b7d8c3-8a3c-4398-a25e-8d54ed16dc9c,2/2/2018 12:00:00 AM,8417,,2 7/8,8426
4232941953,b77641a8-86f5-42f0-9581-96ddab322e20,2/13/2018 12:00:00 AM,0,,2 7/8,7830
4238339991,9ffb400b-dbef-4567-b980-9caf7e9c9810,3/28/2018 12:00:00 AM,0,,2 7/8,6530
4232941978,f09644b8-4369-49e7-be93-9e399188f228,2/7/2018 12:00:00 AM,0,,2 3/8,9572
4232941954,bc22f391-645d-49a7-af92-b7fc52c8939e,2/13/2018 12:00:00 AM,0,,2 7/8,7842
4222739257,d4f071a4-7570-4c9c-b362-bbe2e5f56c87,3/1/2018 12:00:00 AM,0,,2 7/8,7147
4201335522,bf140d6e-912e-43d0-a448-d405059b5db8,2/19/2018 12:00:00 AM,10651,,2 7/8,10664
4238339993,e5c28b07-8765-4e84-bab3-d509008e4a2c,3/22/2018 12:00:00 AM,0,,2 7/8,6720
4222739294,ce4fcbd0-e4e8-4c2f-96ae-d52849a1c04d,2/8/2018 12:00:00 AM,0,,,0
4222739294,ce4fcbd0-e4e8-4c2f-96ae-d52849a1c04d,2/8/2018 12:00:00 AM,0,,2 7/8,7014
4247537320,03753348-92a1-4d53-bd92-daf2d37a61d7,2/22/2018 12:00:00 AM,9835,,2 7/8,9838
4201335525,5de4df16-f31b-4532-86da-e8993f79aa18,2/19/2018 12:00:00 AM,10688,,2 7/8,10701
4232941942,40c77223-1c1c-415d-8e49-f855aaff3eee,2/13/2018 12:00:00 AM,0,,2 7/8,7896
4217733882,4b6e5b1a-423a-4213-ab56-07ac0c877870,2/20/2018 12:00:00 AM,9487,,2 7/8,9506
4225535595,40b31eae-cd04-4f25-b3d3-207f0ae8a444,2/4/2018 12:00:00 AM,11689,,2 7/8,11709
4217733881,438ccb14-1555-4773-950e-30c6c80044cd,2/20/2018 12:00:00 AM,9489,,2 7/8,9509
4231136781,4ea0569a-3917-4b11-9456-4e8c392736a4,2/14/2018 12:00:00 AM,10378,,2 3/8,10394
4201335540,6fb39ea0-8a8d-4256-8ec8-58f0d4979802,2/1/2018 12:00:00 AM,8551,,2 7/8,8560
4217733880,ac6cfa6e-dc95-4913-919d-7ab5f889ce26,2/20/2018 12:00:00 AM,9461,,2 7/8,9481
4231136774,720dc123-349a-4bbd-8cf8-808c05c51544,2/26/2018 12:00:00 AM,10418,,2 3/8,10441
4231136775,f89244b7-9f7a-403a-83fd-a9db74273703,2/24/2018 12:00:00 AM,10369,,2 3/8,10370
4217733879,f88203c6-4e77-470d-8da6-db9d5732d12a,2/20/2018 12:00:00 AM,9480,,2 7/8,9500
4231136780,a9bd13fb-bed4-4666-abba-de1c9ca93ba1,2/14/2018 12:00:00 AM,10490,,2 3/8,10504
4233735456,795e7029-3b49-42fc-9426-0d11e44372ec,2/16/2018 12:00:00 AM,6839,,2 3/8,6839
4242734762,99235980-da9d-4d10-971d-125c1a6a9e49,1/10/2018 12:00:00 AM,6164,,2 3/8,6164
4242734762,99235980-da9d-4d10-971d-125c1a6a9e49,4/27/2018 12:00:00 AM,5783,,2 3/8,5783
4232942020,70bdb484-f83e-4163-bf94-40f167643fbe,2/8/2018 12:00:00 AM,0,,2 7/8,6104
4223740489,bd0f134a-aa59-4149-be05-48723dca2792,2/7/2018 12:00:00 AM,0,,2 3/8,4856
4246140735,27359fa7-c469-4da7-9e91-7b05c4a7e75c,2/22/2018 12:00:00 AM,0,,2 7/8,2397
4225535684,d889b5a9-c03f-489f-928a-80c114f41787,1/12/2018 12:00:00 AM,9960,,2 3/8,9960
4250733304,db08519d-eef6-4798-9bf7-823e8ec2be05,2/27/2018 12:00:00 AM,0,,2 7/8,6339
4236381095,415b6874-2f55-497d-8fa1-8b5ae9edde00,2/4/2018 12:00:00 AM,0,,2 7/8,1593
4235733661,34aece77-2514-446a-b28f-8c05a684749d,2/5/2018 12:00:00 AM,0,,2 7/8,6810
4208336212,faacb2f3-342f-4db1-964f-96cdc77869cf,2/6/2018 12:00:00 AM,0,,2 3/8,2537
4244736746,0c71f414-b7f6-4335-bdcc-a9404ee33821,1/19/2018 12:00:00 AM,3925,,2 3/8,3925
4238936492,e6992a9d-a96e-4cfb-893e-b406d72a81f6,2/14/2018 12:00:00 AM,10244,,2 3/8,10257
4239133182,77555a1e-b804-4a75-a673-c4c2f49329d2,1/15/2018 12:00:00 AM,5877,,2 3/8,5917
4239133182,77555a1e-b804-4a75-a673-c4c2f49329d2,2/24/2018 12:00:00 AM,5092,,2 7/8,5132
4219731742,6a4e4f81-14e0-46f1-8b2d-c8bdb89f7a70,2/8/2018 12:00:00 AM,7314,,2 3/8,7480
4238340049,ff278aff-0bee-477b-a0c7-f34adf1ce3e4,2/24/2018 12:00:00 AM,7653,,2 7/8,7665
4247943833,e959d728-8649-49e9-a419-fbc9da59121a,1/23/2018 12:00:00 AM,6449,,2 3/8,6449
4250136904,f905f3d7-8a3d-4e9a-bdc9-fe6d3488175c,2/3/2018 12:00:00 AM,0,,2 7/8,4729
4200347681,e9738929-965c-4123-b030-2dddac3084b2,2/1/2018 12:00:00 AM,0,,2 7/8,4753
4231741181,a1ed2850-7dfd-4eca-8d9e-3bc30b3e75ce,2/17/2018 12:00:00 AM,7900,,2 7/8,7904
4220732921,e5c31580-3839-4f3c-ba77-b8b19948d11f,2/7/2018 12:00:00 AM,0,,2 3/8,5241
4232942113,f06f20b7-de20-46e4-931c-c012fb82df76,2/18/2018 12:00:00 AM,8557,,2 3/8,8561
17023231980000,f256e146-2268-4fbf-88a6-58bcad8e68e8,2/27/2018 12:00:00 AM,6245,6254,02&07/08,0
4238936471,41b7f175-eaac-42d2-a778-9eb09f71f5dc,2/24/2018 12:00:00 AM,10860,,3 1/2,10870
4248546082,0cba23d8-9f93-4619-b936-6001cd9cf6f4,2/9/2018 12:00:00 AM,0,,2 7/8,2256
4248546082,0cba23d8-9f93-4619-b936-6001cd9cf6f4,3/4/2018 12:00:00 AM,0,,2 7/8,2262
4210542444,b1dced7a-a72c-4306-922c-a6989e52d729,2/23/2018 12:00:00 AM,0,,2 3/8,2107
4246934394,d79d3add-eee7-41c4-8de4-e843efeeeba1,2/24/2018 12:00:00 AM,6258,,2 7/8,6251
4238936479,31f350cf-dc3a-44f4-a7a9-e960c4b6967c,2/14/2018 12:00:00 AM,10211,,2 3/8,10224
4200347595,935a7173-6c42-47e1-b1eb-9466fb0cef5e,2/6/2018 12:00:00 AM,0,,2 3/8,8308
4250136859,01d4e5fd-7b14-4c52-8ae6-6b787b64148d,2/6/2018 12:00:00 AM,0,,2 7/8,5521
4210336583,396ec088-63b9-4335-8bdf-8aa77978a352,2/14/2018 12:00:00 AM,0,,2 3/8,9393
4231136783,d91dcc4e-5e36-4f08-87b0-84be85652758,2/22/2018 12:00:00 AM,10020,,2 3/8,10041
4231136784,ad707353-cc15-4f0f-99b9-e38aade103a0,2/22/2018 12:00:00 AM,10158,,2 3/8,10181
4231136785,e8f81ab5-39ba-4b23-8672-ffe16c93bff7,2/22/2018 12:00:00 AM,10000,,2 3/8,10021
4239132956,340ee2a4-969a-4ad5-a7a9-2f17c0c22183,8/23/2010 12:00:00 AM,2823,,2 3/8,2845
4239332688,88c935ea-ead1-4054-aeab-b5b560d83777,9/12/2016 12:00:00 AM,0,,2 3/8,3230
17023232010000,1cfc4288-ae41-4560-a750-b0e330d268ee,3/12/2018 12:00:00 AM,13398,13457,02&07/08,0
4238935654,f14cf44d-2385-4dfb-a614-4fd3965e1b6e,3/31/2018 12:00:00 AM,9377,,2 7/8,9407
4230133098,a3e7cea4-8101-4629-8f3b-df60ff9c5cec,3/19/2018 12:00:00 AM,10409,,2 7/8,10439
4238935754,0c85f45a-838d-46df-a088-945eb3d5beca,3/23/2018 12:00:00 AM,9402,,2 7/8,9432
4230133299,62b404b0-53de-492e-8c7e-39e529c38afa,3/9/2018 12:00:00 AM,12254,,2 7/8,12277
4238936039,e9b53b3f-ce7b-4a61-8401-875ceded432b,10/3/2017 12:00:00 AM,0,,2 7/8,9040
4238936132,91b3430d-fcea-4d41-9808-b93c4b15994e,3/11/2018 12:00:00 AM,0,,3 1/2,9910
17093203230000,b6afd832-ea8a-4be8-acae-7ba3fdc739d3,3/18/2018 12:00:00 AM,10590,10590,02&03/08,0
17011212370000,1d9fb617-4350-4f51-8186-70408ec2a563,3/13/2018 12:00:00 AM,11429,11430,02&03/08,0
17011212500000,7321f494-2474-4485-8eb6-53e6791f22c9,3/19/2018 12:00:00 AM,7200,7209,02&07/08,0
17001222990000,5a295d31-4a02-4e91-bba1-adbf89dc88ff,3/30/2018 12:00:00 AM,11822,11862,02&07/08,0
