Title,MajorStudio,Runtime,Rating,Production Budget (in millions),In Release,Widest Release,Opening Weekend Gross,Total Gross,Critic Rating,Audience Rating,Year,MonthOfRelease,LogOpeningWeekendGross,LogProductionBudget,LogWidestRelease,LogTotalGross
Toy Story 3,1,103,G,200,168,4028,110307189,415004880,99,89,2010,6,18.5187796588904,19.1138279245123,8.30102525383845,19.843800837162
Alice in Wonderland (2010),1,109,PG,200,126,3739,116101023,334191110,51,55,2010,3,18.5699712579988,19.1138279245123,8.22657347497711,19.6272235729339
Iron Man 2,1,125,PG-13,200,104,4390,128122480,312433331,73,73,2010,5,18.6684972393708,19.1138279245123,8.38708450606922,19.5599016635803
The Twilight Saga: Eclipse,0,124,PG-13,68,114,4468,64832191,300531751,49,60,2010,6,17.9873128126622,18.0350182631404,8.40469616018909,19.5210639669236
Harry Potter and the Deathly Hallows Part 1,1,150,PG-13,125,139,4125,125017372,295983305,78,84,2010,11,18.6439632616103,18.6438242952666,8.32482129876878,19.5058136086707
Inception,1,148,PG-13,160,175,3792,62785337,292576195,86,91,2010,7,17.9552321169149,18.8906843731981,8.24064886337491,19.4942356864396
Despicable Me,1,95,PG,69,196,3602,56397125,251513985,81,82,2010,7,17.8479287399917,18.0496170625615,8.1892445257359,19.3430091523199
Shrek Forever After,1,93,PG,165,112,4386,70838207,238736787,58,54,2010,5,18.0759090599996,18.9214560318649,8.38617292897783,19.2908721933853
How to Train Your Dragon,1,98,PG,165,119,4060,43732319,217581231,98,91,2010,3,17.5935979519396,18.9214560318649,8.30893825259578,19.1980828146303
Tangled,1,100,PG,260,191,3603,48767052,200821936,89,87,2010,11,17.7025654788631,19.3761921889798,8.18952211074809,19.1179291828432
The Karate Kid,1,140,PG,40,105,3740,55665805,176591618,66,67,2010,6,17.8348766025512,17.5043900120782,8.22684089040858,18.9893503818141
Tron Legacy,1,125,PG,170,119,3451,44026211,172062763,51,63,2010,12,17.6002957190665,18.9513089950145,8.146419323098,18.9633698693803
True Grit,1,110,PG-13,38,127,3464,24830443,171243005,96,85,2010,12,17.0275809986462,17.4530967176907,8.15017926968233,18.958594187557
Clash of the Titans (2010),1,118,PG-13,125,112,3802,61235105,163214888,28,40,2010,4,17.9302311941417,18.6438242952666,8.24328252304838,18.9105782218237
Grown Ups,1,102,PG-13,80,126,3534,40506562,162001186,10,63,2010,6,17.5169745436435,18.1975371926382,8.17018565287964,18.9031142141575
Little Fockers,1,98,PG-13,100,86,3675,30833665,148438600,10,35,2010,12,17.2441176705134,18.4206807439524,8.20930841164694,18.8156819626921
Megamind,1,96,PG,130,112,3949,46016833,148415853,72,71,2010,11,17.6445178222982,18.6830450084199,8.28121766128665,18.8155287091376
The Last Airbender,1,103,PG,150,84,3203,40325019,131772187,6,31,2010,7,17.5124826531472,18.8261458520605,8.07184314960916,18.6965851334847
Shutter Island,1,138,R,80,112,3356,41062440,128012934,69,76,2010,2,17.5306043930208,18.1975371926382,8.1185050675871,18.667641863654
The Other Guys,1,107,PG-13,100,105,3651,35543162,119219978,79,59,2010,8,17.3862583469076,18.4206807439524,8.20275638165564,18.5964808992232
Salt,1,99,PG-13,110,98,3612,36011243,118311368,62,59,2010,7,17.3993417532187,18.5159909237567,8.19201691453688,18.5888304190064
Jackass 3-D,1,94,R,20,98,3139,50353641,117229692,64,70,2010,10,17.7345814883177,16.8112428315183,8.05165955684195,18.5796457477307
Valentine's Day,1,117,PG-13,52,84,3665,56260707,110485654,18,48,2010,2,17.8455069276018,17.7667542765457,8.20658361432075,18.5203962424394
Robin Hood,1,148,PG-13,200,84,3505,36063385,105269730,43,58,2010,5,17.4007886426594,19.1138279245123,8.16194579946869,18.4720364713909
The Chronicles of Narnia: The Voyage of the Dawn Treader,1,112,PG,155,126,3555,24005069,104386950,49,58,2010,12,16.9937755743442,18.8589356748835,8.17611034223734,18.4636152255997
The Expendables,1,103,R,80,70,3398,34825135,103068524,41,64,2010,8,17.3658499541481,18.1975371926382,8.13094230223188,18.4509046065456
Due Date,1,95,R,65,84,3365,32689406,100539043,40,52,2010,11,17.3025616078409,17.9898978278599,8.12118324207883,18.4260566975838
Yogi Bear,1,82,PG,80,112,3515,16411322,100246011,13,34,2010,12,16.6134820204552,18.1975371926382,8.16479480424477,18.4231378328356
Date Night,1,88,PG-13,55,154,3380,25207599,98711404,67,55,2010,4,17.0426560546444,17.8228437431967,8.12563098847707,18.4077110397758
The Social Network,1,120,PG-13,40,154,2921,22445653,96962694,96,86,2010,10,16.9266075231142,17.5043900120782,7.97968130238774,18.3898368645528
Sex and the City 2,1,147,R,100,85,3445,31001870,95347692,15,43,2010,5,17.2495580832107,18.4206807439524,8.14467918344776,18.3730406841593
The Book of Eli,1,118,R,80,119,3111,32789494,94835059,48,64,2010,1,17.3056187171678,18.1975371926382,8.04269949689764,18.3676497195335
The Town,1,123,R,37,112,2935,23808032,92186262,94,84,2010,9,16.9855335607001,17.4264284706085,7.9844627322622,18.3393216752557
Prince of Persia: The Sands of Time,1,115,PG-13,200,119,3646,30095259,90759676,36,58,2010,5,17.2198782090077,19.1138279245123,8.20138595523861,18.323725648015
Red,0,111,PG-13,58,112,3349,21761408,90380162,71,72,2010,10,16.895648683741,17.8759535685107,8.1164170727942,18.3195353543778
Percy Jackson & The Olympians: The Lightning Thief,1,120,PG,95,140,3396,31236067,88768303,49,53,2010,2,17.2570839787233,18.3693874495648,8.13035354743124,18.301540196043
Paranormal Activity 2,1,91,R,3,91,3239,40678424,84752907,58,49,2010,10,17.5212083869979,14.9141228466324,8.08301991917133,18.2552506045215
Unstoppable,1,98,PG-13,100,119,3261,22688457,81562942,86,73,2010,11,16.9373668509179,18.4206807439524,8.08978917578932,18.2168855746237
Eat Pray Love,1,133,PG-13,60,84,3108,23104523,80574010,36,42,2010,8,16.9555389571913,17.9098551201864,8.04173471148754,18.2046866989009
Dear John,1,108,PG-13,25,84,3062,30468614,80014842,28,55,2010,2,17.2322076625627,17.0343863828325,8.02682357621763,18.1977227004305
The A-Team,1,117,PG-13,110,98,3544,25669455,77222099,47,66,2010,6,17.060812321613,18.5159909237567,8.17301131172497,18.1621962305081
Knight & Day,1,130,PG-13,117,107,3104,20139985,76423035,53,49,2010,6,16.8182177004679,18.577684492762,8.04044688130311,18.1517947139288
Dinner for Schmucks,1,110,PG-13,69,77,3046,23527839,73026337,42,43,2010,7,16.973694916282,18.0496170625615,8.02158453345511,18.1063307148688
The Tourist,1,103,PG-13,100,90,2756,16472458,67631157,20,42,2010,12,16.6172003320628,18.4206807439524,7.92153563213355,18.0295793371972
The Bounty Hunter,1,106,PG-13,40,112,3118,20686423,67061228,13,51,2010,3,16.8449881493234,17.5043900120782,8.04494704961772,18.0211166107941
Diary of a Wimpy Kid,1,120,PG,15,154,3083,22126166,64003625,53,49,2010,3,16.9122714480346,16.5235607590665,8.03365842788615,17.9744502803449
The Sorcerer's Apprentice,1,111,PG,150,107,3504,17619622,63150991,41,53,2010,7,16.6845237253478,18.8261458520605,8.16166045205628,17.9610390994326
A Nightmare on Elm Street (2010),1,90,R,35,77,3332,32902299,63075011,15,44,2010,4,17.3090530917137,17.3708586194537,8.11132800328673,17.9598352268869
The Last Song,1,107,PG,20,107,2794,16007426,62950384,20,65,2010,3,16.5885632975314,16.8112428315183,7.93522953981691,17.9578574185155
The Wolfman,1,102,R,150,49,3223,31479235,61979680,34,33,2010,2,17.2648386800746,18.8261458520605,8.07806788181544,17.9423171473548
Get Him to the Greek,1,109,R,40,70,2702,17570955,60974475,73,62,2010,6,16.6817578126987,17.5043900120782,7.90174751852014,17.9259658919431
Resident Evil: Afterlife,1,100,R,60,56,3209,26650264,60128566,23,49,2010,9,17.0983096147184,17.9098551201864,8.07371464110986,17.9119955944028
Tyler Perry's Why Did I Get Married Too?,1,121,PG-13,20,70,2155,29289537,60095852,26,67,2010,4,17.1927409112362,16.8112428315183,7.67554600253785,17.9114513788207
Tooth Fairy,1,102,PG,48,154,3345,14010409,60022256,18,42,2010,1,16.4553111113203,17.6867115688722,8.11522197256233,17.9102259847409
Secretariat,1,116,PG,35,126,3108,12694770,59713955,64,76,2010,10,16.3567006555878,17.3708586194537,8.04173471148754,17.9050763031409
Easy A,1,92,PG-13,8,98,2974,17734040,58401464,85,77,2010,9,16.6909965144738,15.8949520996441,7.9976631270201,17.8828515159774
Takers,1,107,PG-13,32,84,2206,20512304,57744720,28,62,2010,8,16.8365354591855,17.281246460764,7.69893619981345,17.8715424746149
Legend of the Guardians: The Owls of Ga'Hoole,1,90,PG,80,119,3575,16112211,55675313,50,64,2010,9,16.5950879896839,18.1975371926382,8.18172045512811,17.8350473930048
Life as We Know It,1,112,PG-13,38,112,3150,14506464,53374681,-1,50,2010,10,16.490104901158,17.4530967176907,8.05515773181968,17.7928470529144
Letters to Juliet,0,105,PG,30,105,2975,13540486,53032453,40,62,2010,5,16.4211947184527,17.2167079396264,7.99799931797973,17.7864146048793
Wall Street: Money Never Sleeps,1,127,PG-13,70,91,3597,19011188,52474616,55,44,2010,9,16.7605382059365,18.0640058000136,8.18785544369562,17.7758401058738
Predators,1,107,R,40,98,2669,24760882,52000688,64,51,2010,7,17.0247756271171,17.5043900120782,7.88945914940452,17.7667675072274
Hot Tub Time Machine,1,100,R,36,77,2771,14020502,50287556,63,56,2010,3,16.4560312449211,17.3990294964204,7.92696354486298,17.7332682088364
Kick-Ass,1,117,R,30,77,3065,19828687,48071303,76,81,2010,4,16.8026402854949,17.2167079396264,8.02780284837031,17.6881959458061
Killers,1,100,PG-13,75,77,2859,15837266,47059963,11,41,2010,6,16.5778763284432,18.1329986715006,7.95822719232231,17.6669331550328
Saw 3D,1,91,R,20,35,2808,22530123,45710178,9,42,2010,10,16.930363771781,16.8112428315183,7.9402277651457,17.6378315444154
Cop Out,1,110,R,30,84,3150,18211126,44875481,19,40,2010,2,16.7175432839492,17.2167079396264,8.05515773181968,17.6194021233782
Cats & Dogs: The Revenge of Kitty Galore,1,82,PG,85,84,3705,12279363,43585753,14,38,2010,7,16.3234306063737,18.2581618144546,8.21743853773019,17.5902408888646
Edge of Darkness,1,108,R,80,70,3066,17214384,43313890,56,49,2010,1,16.6612558713669,18.1975371926382,8.02812905943176,17.5839839267515
Gulliver's Travels,1,85,PG,112,111,3089,6307691,42779261,21,27,2010,12,15.6572802404499,18.5340094292594,8.03560269291858,17.571563987042
Death at a Funeral (2010),1,90,R,21,84,2459,16217540,42739347,41,45,2010,4,16.6016039305377,16.8600329956877,7.80751004221619,17.5706305293109
Step Up 3-D,1,97,PG-13,30,91,2439,15812311,42400223,46,64,2010,8,16.5762993718114,17.2167079396264,7.79934339821592,17.5626641796223
The Last Exorcism,1,100,PG-13,1.8,42,2874,20366613,41034350,72,34,2010,8,16.8294075004457,14.4032972228664,7.96346006663897,17.529920078784
Legion (2010),1,100,R,26,59,2476,17501625,40168080,20,31,2010,1,16.6778042917256,17.0736070959858,7.81439963380449,17.5085832083298
Burlesque,1,100,PG-13,55,78,3037,11947744,39440655,37,64,2010,11,16.2960530319085,17.8228437431967,8.01862546504575,17.4903076950659
The Crazies,0,101,R,20,84,2479,16067552,39123589,71,56,2010,2,16.592312392569,16.8112428315183,7.81561053203519,17.4822361422765
For Colored Girls,1,120,R,21,77,2127,19497324,37729698,32,73,2010,11,16.7857877833477,16.8600329956877,7.66246781520024,17.4459580876678
The Back-Up Plan,0,98,PG-13,35,91,3280,12201710,37490007,18,45,2010,4,16.3170866638159,17.3708586194537,8.09559870137819,17.4395849754285
Vampires Suck,1,80,PG-13,20,86,3233,12202831,36661504,5,30,2010,8,16.3171785319646,16.8112428315183,8.08116577772543,17.4172378251753
The American,0,105,R,20,65,2833,13177790,35606376,66,38,2010,9,16.3940433946786,16.8112428315183,7.94909149983052,17.3880352809092
Green Zone,1,115,R,100,56,3004,14309295,35053660,53,57,2010,3,16.4764198840716,18.4206807439524,8.00770001288403,17.3723905882472
Marmaduke,1,87,PG,50,105,3213,11599661,33644788,9,42,2010,6,16.2664864315116,17.7275335633924,8.07496035911586,17.3313687134998
Devil,1,80,PG-13,10,63,2811,12289375,33601190,52,44,2010,9,16.324245625896,16.1180956509583,7.94129557090653,17.3300720409729
When in Rome,1,91,PG-13,40,77,2456,12350041,32680633,16,41,2010,1,16.3291699408708,17.5043900120782,7.80628928926703,17.3022931974135
Love and Other Drugs,1,113,R,30,86,2458,9739161,32367005,49,53,2010,11,16.0916655322781,17.2167079396264,7.80710329012598,17.2926500976799
She's Out of My League,1,104,R,20,69,2958,9775278,32010860,58,59,2010,3,16.095367103329,16.8112428315183,7.99226864327075,17.2815857781893
Scott Pilgrim vs. the World,1,113,PG-13,60,56,2820,10609795,31524275,82,83,2010,8,16.1772881890086,17.9098551201864,7.94449216393216,17.2662684419299
Charlie St. Cloud,1,90,PG-13,44,49,2725,12381585,31162545,27,61,2010,7,16.3317208461049,17.5997001918825,7.91022370709734,17.2547274508562
Morning Glory,1,102,PG-13,40,72,2544,9203266,31011732,55,51,2010,11,16.0350689790217,17.5043900120782,7.84149292446001,17.2498761424676
How Do You Know,1,116,PG-13,120,41,2483,7484696,30212620,32,25,2010,12,15.8283709604486,18.6030023007463,7.81722278550817,17.2237702758519
Daybreakers,1,98,R,20,35,2523,15146692,30101577,67,49,2010,1,16.5332927162429,16.8112428315183,7.83320394864106,17.2200881203733
Nanny McPhee Returns,1,100,PG,35,70,2798,8407685,29011215,76,55,2010,8,15.9446567265174,17.3708586194537,7.93666015522543,17.1831930373302
The Switch,1,100,PG-13,19,91,2017,8436713,27779426,51,45,2010,8,15.9481033357386,16.7599495371307,7.60936653795421,17.13980623273
Brooklyn's Finest,0,133,R,17,77,1939,13350299,27163593,43,46,2010,3,16.4070493395635,16.6487239020205,7.56992765524265,17.1173881420378
Machete,1,105,R,10.5,77,2678,11416164,26593646,72,64,2010,9,16.250540803838,16.1668858151278,7.89282552625112,17.096182873037
Ramona and Beezus,1,104,G,15,112,2719,7810481,26167002,70,72,2010,7,15.8709771076275,16.5235607590665,7.90801944463247,17.080009709289
Leap Year,1,97,PG,19,56,2512,9202815,25918920,21,47,2010,1,16.0350199734783,16.7599495371307,7.82883452758809,17.0704837619136
You Again,1,105,PG,20,84,2548,8407513,25702053,17,43,2010,9,15.9446362688338,16.8112428315183,7.84306401669205,17.0620814299434
Alpha and Omega,1,88,PG,20,77,2625,9106906,25107267,16,41,2010,9,16.0245435847661,16.8112428315183,7.87283617502572,17.038667884111
Piranha 3D,1,89,R,24,91,2491,10106872,25003155,73,44,2010,8,16.1287261464866,16.9935643883122,7.82043951526218,17.0345125748699
Lottery Ticket,1,99,PG-13,17,77,1974,10652297,24719879,34,44,2010,8,16.1812861076151,16.6487239020205,7.58781721999343,17.0231182957198
The Spy Next Door,1,92,PG,28,49,2924,9726056,24307086,12,40,2010,1,16.090319027692,17.1477150681395,7.98070782086967,17.0062784707406
From Paris with Love,1,95,R,52,35,2722,8158860,24077427,37,54,2010,2,15.9146150112982,17.7667542765457,7.90912218321141,16.9967853205363
The Losers,1,98,PG-13,25,63,2936,9406348,23591432,49,54,2010,4,16.0568953384638,17.0343863828325,7.98480338973441,16.9763941532295
Faster,0,98,R,24,79,2470,8523153,23240020,43,49,2010,11,15.9582969007689,16.9935643883122,7.81197342962202,16.9613863505328
Just Wright,1,111,PG,12,83,1831,8284989,21540363,45,61,2010,5,15.9299558811413,16.3004172077523,7.51261754467451,16.8854390819182
Skyline,1,100,PG-13,10,42,2883,11692415,21393620,15,18,2010,11,16.2744508989385,16.1180956509583,7.9665866976384,16.8786033047011
The Next Three Days,1,122,PG-13,30,49,2564,6542779,21148651,52,66,2010,11,15.6938725567263,17.2167079396264,7.84932381804056,16.8670866789165
Our Family Wedding,1,90,PG-13,14,97,1609,7629862,20255281,13,48,2010,3,15.8475803165964,16.4545678875795,7.38336814699238,16.8239261076404
Remember Me,0,128,PG-13,16,63,2215,8089139,19068240,27,68,2010,3,15.9060328556823,16.5880992802041,7.70300768247924,16.7635346817601
Going the Distance,1,97,R,32,49,3030,6884964,17804299,53,53,2010,9,15.7448504613731,17.281246460764,8.01631789850342,16.6949505029557
Furry Vengeance,0,92,PG,35,77,3002,6627564,17630465,8,31,2010,4,15.706747873832,17.3708586194537,8.00703401219341,16.6851389295225
Splice,1,104,R,30,63,2450,7385277,17010170,74,37,2010,6,15.8149989817073,17.2167079396264,7.80384330353877,16.6493219584432
Youth in Revolt,1,90,R,18,104,1873,6888334,15281286,66,52,2010,1,15.7453398140419,16.7058823158604,7.53529670244409,16.5421395004649
My Soul to Take,1,107,R,25,28,2572,6842220,14744435,9,26,2010,10,15.7386227983436,17.0343863828325,7.85243908535751,16.5063762814234
Repo Men,1,111,R,32,35,2521,6126170,13794835,22,41,2010,3,15.6280803165612,17.281246460764,7.83241092718792,16.4398048047066
Case 39,0,109,R,26,49,2212,5350570,13261851,22,40,2010,10,15.4927136552531,17.0736070959858,7.70165236264223,16.40040212574
Let Me In,0,115,R,20,70,2042,5147479,12134935,88,76,2010,10,15.4540176382254,16.8112428315183,7.62168499872461,16.3115990407214
Extraordinary Measures,0,106,PG,31,21,2549,6012594,12068313,28,53,2010,1,15.6093668273696,17.2494977624494,7.84345640437612,16.3060938152854
Jonah Hex,1,81,PG-13,47,56,2825,5379365,10547117,12,20,2010,6,15.4980808954321,17.6656581596743,7.94626364358054,16.1713631103991
Blue Valentine,1,112,R,1,114,450,193728,9706328,87,76,2010,12,12.1742103923814,13.8155105579643,6.10924758276437,16.0882886019061
Fair Game (2010),0,108,PG-13,22,105,436,651082,9540691,79,65,2010,11,13.3863908733198,16.9065530113226,6.07764224334903,16.0710764726672
Get Low,1,100,PG-13,7,210,570,88182,9176933,84,75,2010,7,11.3871581395347,15.7614207070196,6.3456363608286,16.0322036109137
MacGruber,1,88,R,10,21,2551,4043495,8525600,47,33,2010,5,15.2126199749648,16.1180956509583,7.84424071814181,15.9585839598889
Cyrus,1,92,R,7,118,454,181716,7468936,80,53,2010,6,12.1102003077447,15.7614207070196,6.11809719804135,15.8262631105517
City Island,0,100,PG-13,6,168,269,32001,6671036,81,80,2010,3,10.3735224312936,15.6072700271923,5.59471137960184,15.7132857281694
The Last Station,1,112,R,18,161,354,73723,6617867,71,67,2010,1,11.2080701054756,16.7058823158604,5.86929691313377,15.7052836705558
Winter's Bone,0,100,R,2,315,141,84797,6531503,94,76,2010,6,11.3480154437957,14.5086577385242,4.94875989037817,15.6921476432212
It's Kind of a Funny Story,0,101,PG-13,8,49,757,2013406,6363628,58,66,2010,10,14.5153383733068,15.8949520996441,6.62936325343745,15.6661092129287
The Warrior's Way,0,100,R,42,63,1622,3048665,5666340,29,47,2010,12,14.9302143478448,17.5531801762476,7.39141523467536,15.5500539646319
Solitary Man,0,90,R,15,140,177,94936,4360548,81,50,2010,5,11.460958259345,16.5235607590665,5.17614973257383,15.2881082955005
Greenberg,0,107,R,,70,186,118152,4234170,75,42,2010,3,11.6797272101061,,5.2257466737132,15.2586978810282
Please Give,1,90,R,3,175,272,118123,4033574,86,64,2010,4,11.6794817334358,14.9141228466324,5.605802066296,15.2101633895402
To Save a Life,0,120,PG-13,0.5,77,441,1581517,3777210,33,82,2010,1,14.2738950709587,13.1223633774043,6.08904487544685,15.1444961998313
The Runaways,0,109,R,10,77,244,805115,3573673,69,55,2010,3,13.5987404033404,16.1180956509583,5.4971682252932,15.0891044763914
You Will Meet a Tall Dark Stger,1,98,R,22,142,402,160103,3248246,46,34,2010,9,11.9835726370978,16.9065530113226,5.99645208861902,14.9936257163119
Another Year,1,129,PG-13,8,149,236,111869,3205706,93,74,2010,12,11.625083822854,15.8949520996441,5.46383180502561,14.9804429048899
Chloe,1,96,R,14,112,350,900688,3075255,51,39,2010,3,13.7109141947121,16.4545678875795,5.85793315448346,14.9388983826138
Letters to God,0,110,PG,3,84,897,1088873,2848578,25,74,2010,4,13.9006537743614,14.9141228466324,6.7990558620588,14.8623304803608
N'Secure,0,109,R,1.6,35,486,1166406,2595644,,46,2010,10,13.9694377842562,14.28551418721,6.18620862390049,14.76934521335
Never Let Me Go,1,104,R,15,92,232,111734,2434652,71,71,2010,9,11.6238763254913,16.5235607590665,5.44673737166631,14.7053143884743
Rabbit Hole,1,92,PG-13,5,112,131,53778,2229058,86,72,2010,12,10.8926197405854,15.4249484703984,4.87519732320115,14.6170896326665
I Love You Phillip Morris,0,100,R,13,133,100,112520,2037459,72,61,2010,12,11.6308862626038,16.3804599154258,4.60517018598809,14.5272140011953
Harry Brown,0,103,R,7.3,105,67,173353,1818681,64,75,2010,4,12.0630852569917,15.8033849061186,4.20469261939097,14.4136220710379
Stone,0,105,R,22,84,125,75766,1810078,51,21,2010,10,11.2354049221897,16.9065530113226,4.8283137373023,14.4088804962361
Somewhere,0,98,R,7,72,83,119086,1785645,72,47,2010,12,11.6876012001553,15.7614207070196,4.4188406077966,14.3952902524645
Flipped,1,90,PG,14,70,442,224233,1755212,55,78,2010,8,12.3204409687977,16.4545678875795,6.0913098820777,14.3781002053074
The Joneses,0,95,R,10,91,217,509689,1475746,62,46,2010,4,13.1415560147729,16.1180956509583,5.37989735354046,14.2046741826131
Mother and Child,1,125,R,7,168,119,43040,1110509,79,76,2010,5,10.6698851948357,15.7614207070196,4.77912349311153,13.9203290267412
Made in Dagenham,1,113,R,7.2,147,89,37563,1095369,80,75,2010,11,10.5337748023371,15.7895915839863,4.48863636973214,13.906601850767
La Mission,0,117,R,3,122,47,49046,1062941,48,73,2010,4,10.8005139122288,14.9141228466324,3.85014760171006,13.8765501524912
Buried,1,100,R,2,49,107,100268,1044143,87,64,2010,9,11.5156018801736,14.5086577385242,4.67282883446191,13.8587070112248
The Perfect Game,0,118,PG,12.5,28,417,511698,1037071,57,68,2010,4,13.1454898862454,16.3412392022725,6.0330862217988,13.8519109515989
What If...,0,100,PG,,188,82,49770,814906,40,65,2010,8,10.8151676718526,,4.40671924726425,13.6108280481478
Middle Men,0,105,R,20,20,252,325641,754301,40,56,2010,8,12.693550826559,16.8112428315183,5.52942908751142,13.5335467715733
The Virginity Hit,1,86,R,2,13,700,301885,636706,29,31,2010,9,12.6178014291343,14.5086577385242,6.5510803350434,13.3640632895511
Howl,0,90,R,,139,29,51185,617334,63,58,2010,9,10.8432017993539,,3.36729582998647,13.3331654854332
All Good Things,0,101,R,20,126,35,37172,582024,32,38,2010,12,10.5233110686772,16.8112428315183,3.55534806148941,13.2742669629768
Jack Goes Boating,0,89,R,,91,90,28916,541992,68,49,2010,9,10.2721503541202,,4.49980967033027,13.2030065201653
Standing Ovation,0,106,PG,5.6,14,625,343125,531806,6,48,2010,7,12.7458500912459,15.5382771557054,6.4377516497364,13.1840340401644
Preacher's Kid,0,101,PG-13,7,77,109,190638,515065,50,64,2010,1,12.1581316207398,15.7614207070196,4.69134788222914,13.1520483852738
The City of Your Final Destination,0,114,PG-13,8.3,122,26,24401,493296,38,38,2010,4,10.102379394048,15.9317660727668,3.25809653802148,13.108864678533
The Extra Man,0,108,R,7,91,33,18861,453377,43,38,2010,7,9.84485157705117,15.7614207070196,3.49650756146648,13.0244792879347
I'm Still Here,0,108,R,,56,120,96658,408983,53,38,2010,9,11.4789342541029,,4.78749174278205,12.9214288693689
Harry Potter and the Deathly Hallows Part 2,1,130,PG-13,125,133,4375,169189427,381011219,96,89,2011,7,18.9465295150043,18.6438242952666,8.38366179879172,19.7583393788517
Transformers: Dark of the Moon,1,154,PG-13,195,107,4088,97852865,352390543,36,56,2011,6,18.3989755308872,19.088510116528,8.31581113188354,19.6802506156844
The Twilight Saga: Breaking Dawn Part 1,0,108,PG-13,110,98,4066,138122261,281287133,24,59,2011,11,18.7436498001754,18.5159909237567,8.31041499418829,19.4548865312124
The Hangover Part II,1,102,R,80,113,3675,85946294,254464305,34,53,2011,5,18.2692331707716,18.1975371926382,8.20930841164694,19.3546711287154
Pirates of the Caribbean: On Stranger Tides,1,137,PG-13,250,133,4164,90151958,241071802,33,54,2011,5,18.3170072267344,19.3369714758265,8.33423142973486,19.3006053806915
Fast Five,1,130,PG-13,125,105,3793,86198765,209837675,77,82,2011,4,18.2721664083851,18.6438242952666,8.2409125416889,19.1618448135911
Cars 2,1,113,G,200,175,4115,66135507,191452396,39,51,2011,6,18.0072163315503,19.1138279245123,8.32239411311117,19.0701497508262
Sherlock Holmes: A Game of Shadows,1,128,PG-13,125,112,3703,39637079,186848418,60,77,2011,12,17.4952755765172,18.6438242952666,8.21689858091361,19.0458082471754
Thor,1,115,PG-13,150,112,3963,65723338,181030624,77,76,2011,5,18.0009646410791,18.8261458520605,8.28475659319044,19.0141767682887
Rise of the Planet of the Apes,1,110,PG-13,93,132,3691,54806191,176760185,82,77,2011,8,17.8193137199897,18.3481100511175,8.21365270303,18.9903044848431
Captain America: The First Avenger,1,125,PG-13,140,112,3715,65058524,176654505,79,74,2011,7,17.9907977920014,18.7571529805736,8.22013395715186,18.9897064338501
The Help,1,137,PG-13,25,212,3014,26044590,169708112,76,89,2011,8,17.0753206270525,17.0343863828325,8.01102337918644,18.9495905310655
Bridesmaids,1,125,R,32.5,140,2958,26247410,169106725,90,76,2011,5,17.0830778754674,17.2967506473,7.99226864327075,18.9460405824453
Kung Fu Panda 2,1,91,PG,150,127,3952,47656302,165249063,81,74,2011,5,17.679525435353,18.8261458520605,8.28197705886776,18.9229643664833
Puss in Boots,1,90,PG,130,126,3963,34077439,149260504,84,68,2011,10,17.3441461103881,18.6830450084199,8.28475659319044,18.82120368632
X-Men: First Class,1,131,PG-13,160,119,3692,55101604,146408305,87,87,2011,6,17.8246893844072,18.8906843731981,8.21392359562274,18.8019098860246
Rio,1,96,G,90,147,3842,39225962,143619809,72,71,2011,4,17.4848493814579,18.3153202282945,8.2537483433285,18.7826801507472
The Smurfs,1,86,PG,110,140,3427,35611637,142614158,22,44,2011,7,17.3881830244304,18.5159909237567,8.13944052187461,18.7756533457285
Alvin and the Chipmunks: Chipwrecked,1,87,G,75,175,3734,23244744,133110742,12,52,2011,12,16.9615895999251,18.1329986715006,8.22523532410167,18.7066919863447
Super 8,1,112,PG-13,50,112,3424,35451168,127004179,82,75,2011,6,17.3836667582135,17.7275335633924,8.13856473726163,18.6597305493933
Rango,1,107,PG,135,125,3923,38079323,123477607,88,69,2011,3,17.4551819893681,18.7207853364027,8.27461194620955,18.6315703777538
Horrible Bosses,1,100,R,35,112,3134,28302165,117538559,69,70,2011,7,17.1584488614541,17.3708586194537,8.05006542291597,18.5822769994173
Green Lantern,1,105,PG-13,200,105,3816,53174303,116601172,26,46,2011,6,17.7890858113013,19.1138279245123,8.24695803256818,18.5742698832881
Hop,1,90,PG,63,77,3616,37543710,108085305,25,53,2011,4,17.4410164121564,17.9586452843558,8.19312372151207,18.4984313344235
Paranormal Activity 3,1,81,R,5,77,3329,52568183,104028807,68,51,2011,10,17.7776216087591,15.4249484703984,8.11042723757502,18.4601784091355
Just Go With It,1,110,PG-13,80,98,3548,30514732,103028109,19,60,2011,2,17.2337201413562,18.1975371926382,8.17413934342947,18.4505124118753
The Girl with the Dragon Tattoo (2011),1,160,R,90,93,2950,12768604,102515793,86,86,2011,12,16.3624999033173,18.3153202282945,7.98956044933387,18.4455274227227
Bad Teacher,1,89,R,20,112,3049,31603106,100292856,45,36,2011,6,17.2687659648661,16.8112428315183,8.02256894698825,18.4236050240744
Cowboys & Aliens,1,118,PG-13,163,98,3754,36431290,100240551,44,44,2011,7,17.4109385787339,18.909260758771,8.23057721714645,18.4230833653446
Gnomeo and Juliet,1,84,G,36,132,3037,25356909,99967670,55,55,2011,2,17.0485617952467,17.3990294964204,8.01862546504575,18.4203573916797
The Green Hornet,1,108,PG-13,120,97,3584,33526876,98780042,43,43,2011,1,17.3278579438065,18.6030023007463,8.18423477409482,18.4084061382639
The Muppets,1,120,PG,45,135,3440,29239026,88631237,96,80,2011,11,17.1910148817575,17.6221730477346,8.14322675036745,18.2999949155167
Real Steel,1,127,PG-13,110,133,3440,27319677,85468508,60,73,2011,10,17.1231177697566,18.5159909237567,8.14322675036745,18.2636585385724
"Crazy, Stupid, Love",1,107,PG-13,50,119,3020,19104303,84351197,78,77,2011,7,16.7654241556015,17.7275335633924,8.01301211036892,18.2504995577269
Battle: Los Angeles,1,116,PG-13,70,83,3417,35573187,83552429,35,48,2011,3,17.3871027378868,18.0640058000136,8.13651825211529,18.2409848849948
Immortals,0,110,R,75,105,3120,32206425,83504017,35,49,2011,11,17.2876765247718,18.1329986715006,8.04558828080353,18.2404052964484
Zookeeper,1,104,PG,80,112,3482,20065617,80360843,14,41,2011,7,16.8145183112727,18.1975371926382,8.15536212032814,18.2020375881497
Limitless,0,105,PG-13,27,112,2838,18907302,79249455,70,73,2011,3,16.7550587546226,17.1113474239686,7.95085485771999,18.1881110937264
Tower Heist,1,104,PG-13,75,91,3870,24025190,78046570,68,49,2011,11,16.9946134212181,18.1329986715006,8.26100978602383,18.1728162577717
The Adventures of Tintin,1,101,PG,130,93,3087,9720993,77591831,75,74,2011,12,16.0897983317124,18.6830450084199,8.03495502450216,18.1669727089936
Contagion,1,105,PG-13,60,98,3222,22403596,75658097,84,62,2011,9,16.9247320396551,17.9098551201864,8.07775756373692,18.1417350248571
We Bought a Zoo,1,124,PG,50,147,3170,9360434,75624550,66,72,2011,12,16.0520022149002,17.7275335633924,8.06148686687133,18.1412915238844
Moneyball,1,126,PG-13,50,133,3018,19501302,75605492,94,86,2011,9,16.7859917905358,17.7275335633924,8.01234963932779,18.1410394840138
Jack and Jill,1,91,PG,79,112,3438,25003575,74158157,3,38,2011,11,17.034529372609,18.1849584104313,8.1426451859428,18.121710627241
Hugo,1,127,PG,180,142,2608,11364505,73864507,94,78,2011,11,16.2460054595468,19.0084674088545,7.86633892304654,18.1177429863773
Dolphin Tale,1,112,PG,37,126,3515,19152401,72286779,82,81,2011,9,16.7679386443218,17.4264284706085,8.16479480424477,18.096151807337
No Strings Attached,1,110,R,25,77,3050,19652921,70662220,49,52,2011,1,16.7937365366315,17.0343863828325,8.02289686960146,18.07342161746
Mr. Popper's Penguins,1,95,PG,55,122,3342,18445355,68224452,48,54,2011,6,16.7303231352359,17.8228437431967,8.11432470915534,18.0383135922802
Happy Feet Two,1,105,PG,135,112,3611,21237068,64006466,46,61,2011,11,16.8712587033782,18.7207853364027,8.19174002127746,17.9744946674706
Unknown,1,109,PG-13,30,84,3043,21856389,63686397,55,55,2011,2,16.9000038395105,17.2167079396264,8.02059914989697,17.9694815498571
The Adjustment Bureau,1,99,PG-13,50.2,84,2847,21157730,62495645,72,67,2011,3,16.8675158813169,17.731525584662,7.95402108727804,17.9506074322789
Water for Elephants,1,120,PG-13,38,112,2820,16842353,58709717,60,70,2011,4,16.6394072838584,17.4530967176907,7.94449216393216,17.8881158077256
The Lincoln Lawyer,1,119,R,40,126,2707,13206453,58009200,83,81,2011,3,16.3962161317381,17.5043900120782,7.9035962896143,17.8761121766214
Friends with Benefits,1,120,R,35,63,2926,18622150,55802754,70,66,2011,7,16.7398622903869,17.3708586194537,7.98139158158007,17.8373337809723
I Am Number Four,1,104,PG-13,60,105,3156,19449893,55100437,33,58,2011,2,16.7833521267283,17.9098551201864,8.05706068196577,17.8246682051262
Source Code,0,94,PG-13,32,105,2971,14812094,54712227,92,81,2011,4,16.5109545672013,17.281246460764,7.99665387546261,17.8175977707499
New Year's Eve,1,117,PG-13,56,77,3505,13019180,54544638,7,46,2011,12,16.3819342127306,17.8408622486994,8.16194579946869,17.81452997027
Insidious,0,98,PG-13,1.5,161,2419,13271464,54009150,66,61,2011,4,16.4011267242623,14.2209756660724,7.79110951061003,17.8046640346189
Tyler Perry's Madea's Big Happy Family,1,105,PG-13,25,91,2288,25068677,53345287,38,74,2011,4,17.0371296965042,17.0343863828325,7.73543335249969,17.7922961906663
Diary of a Wimpy Kid: Rodrick Rules,1,96,PG,21,112,3169,23751502,52698535,48,62,2011,3,16.9831563285505,16.8600329956877,8.06117135969092,17.7800982142637
Footloose (2011),1,113,PG-13,24,91,3555,15556113,51802742,71,61,2011,10,16.5599642383096,16.9935643883122,8.17611034223734,17.7629536401917
The Dilemma,1,118,PG-13,70,49,2943,17816230,48475290,24,29,2011,1,16.6956203975801,18.0640058000136,7.98718474823347,17.6965647415403
Arthur Christmas,1,97,PG,85,51,3376,12068931,46462469,91,76,2011,11,16.3061450224572,18.2581618144546,8.12444685571585,17.6541554263827
Hall Pass,1,98,R,36,77,2950,13535374,45060734,34,41,2011,2,16.4208171127138,17.3990294964204,7.98956044933387,17.6235217822276
Soul Surfer,0,105,PG,18,104,2240,10601862,43853424,46,76,2011,4,16.1765402040332,16.7058823158604,7.71423114484909,17.5963633581126
Final Destination 5,1,95,R,40,63,3155,18031396,42587643,61,52,2011,8,16.7076250186936,17.5043900120782,8.05674377497531,17.5670746987385
The Ides of March,1,102,R,12.5,98,2199,10470143,40962534,85,73,2011,10,16.1640382408241,16.3412392022725,7.69575799055476,17.5281684020163
Hanna,0,111,PG-13,30,91,2545,12370549,40259119,72,66,2011,4,16.3308291249521,17.2167079396264,7.84188592898462,17.5108470951744
Something Borrowed,1,103,PG-13,35,84,2904,13945368,39046489,15,48,2011,5,16.4506579680824,17.3708586194537,7.97384437594469,17.4802635198365
Spy Kids: All the Time in the World,1,88,PG,27,119,3305,11644672,38538188,22,38,2011,8,16.2703592943088,17.1113474239686,8.10319175228579,17.467160203758
Scream 4,1,103,R,40,77,3314,18692090,38180928,58,55,2011,4,16.7436109976849,17.5043900120782,8.10591119798651,17.4578466818858
"Big Mommas: Like Father, Like Son",1,107,PG-13,32,98,2821,16300803,37915414,5,58,2011,2,16.6067249283673,17.281246460764,7.944846711002,17.4508682892188
Red Riding Hood,1,100,PG-13,42,77,3030,14005335,37662162,10,39,2011,3,16.4549488864188,17.5531801762476,8.01631789850342,17.4441664879363
In Time,1,109,PG-13,40,98,3127,12050368,37520095,36,51,2011,10,16.3046057568537,17.5043900120782,8.04782935745784,17.440387214082
Paul,1,100,R,40,63,2806,13043310,37412945,71,61,2011,3,16.3837859166081,17.5043900120782,7.93951526066241,17.4375273254927
J. Edgar,1,137,R,35,107,1985,11217324,37306030,43,45,2011,11,16.2329699269387,17.3708586194537,7.59337419312129,17.4346655337465
The Roommate,1,93,PG-13,16,48,2534,15002635,37300107,4,27,2011,2,16.5237364103056,16.5880992802041,7.83755436088108,17.4345067532426
Jumping the Broom,0,113,PG-13,6.6,56,2035,15215487,37295394,56,59,2011,5,16.5378243486879,15.7025802069967,7.6182510978767,17.4343803917344
The Change-Up,1,101,R,52,56,2913,13531115,37081475,25,47,2011,8,16.420502406212,17.7667542765457,7.97693875695943,17.4286280767273
30 Minutes or Less,1,83,R,28,49,2888,13330118,37053924,45,41,2011,8,16.4055365443288,17.1477150681395,7.96831950001272,17.4278848150294
Sucker Punch,1,120,PG-13,82,63,3033,19058199,36392502,23,47,2011,3,16.763007960645,18.2222298052285,8.01730750768858,17.4098733223773
Larry Crowne,1,99,PG-13,30,49,2976,13096065,35608245,35,41,2011,7,16.3878223613684,17.2167079396264,7.99833539595298,17.3880877701305
A Very Harold & Kumar 3D Christmas,1,89,R,19,70,2875,12954142,35061031,68,59,2011,11,16.37692614053,16.7599495371307,7.96380795323145,17.3726008437563
Drive (2011),0,103,R,15,146,2904,11340461,35060689,93,78,2011,9,16.2438875079949,16.5235607590665,7.97384437594469,17.3725910892894
50/50,0,99,R,8,91,2479,8644095,35014192,20,33,2011,9,15.9723869868308,15.8949520996441,7.81561053203519,17.3712640229809
Courageous,0,130,PG-13,2,119,1214,9112839,34522221,30,86,2011,9,16.0251948562532,14.5086577385242,7.10167597161944,17.3571137616231
The Rite,1,112,PG-13,37,70,2985,14789393,33047633,21,41,2011,1,16.5094207926007,17.4264284706085,8.0013550258267,17.3134605029378
Arthur (2011),1,110,PG-13,40,63,3276,12222756,33035397,26,45,2011,4,16.3188100181941,17.5043900120782,8.09437844497296,17.313090180931
The Debt,0,113,R,20,65,1874,9909499,31177548,77,66,2011,8,16.1090043500333,16.8112428315183,7.53583046279837,17.2552087783477
The Sitter,1,100,R,25,70,2752,9851435,30441326,21,40,2011,12,16.1031276878164,17.0343863828325,7.92008319905323,17.2313116511128
Priest,1,87,PG-13,60,41,2864,14953664,29136626,16,46,2011,5,16.5204669113849,17.9098551201864,7.95997452808054,17.1875065661663
The Mechanic,0,100,R,40,70,2704,11422006,29121498,53,51,2011,1,16.2510524035089,17.5043900120782,7.90248743716286,17.1869872222773
Abduction,1,106,PG-13,35,84,3118,10925253,28087155,4,43,2011,9,16.2065874565725,17.3708586194537,8.04494704961772,17.1508229123562
Beastly,0,95,PG-13,17,77,1959,9851102,27865571,21,48,2011,3,16.103093885063,16.6487239020205,7.58018941794454,17.142902470432
Winnie the Pooh,1,63,G,30,70,2405,7857076,26692846,90,80,2011,7,15.8769250850143,17.2167079396264,7.78530518253986,17.0999061473932
Killer Elite,0,100,R,70,56,2986,9352008,25124966,25,43,2011,9,16.0511016375657,18.0640058000136,8.00168997809914,17.0393725711088
Season of the Witch,0,98,PG-13,40,76,2827,10612375,24827228,10,31,2011,1,16.1775313309694,17.5043900120782,7.94697135769359,17.027451512106
Our Idiot Brother,1,90,R,5,91,2555,7011631,24816118,67,52,2011,8,15.7630808995656,15.4249484703984,7.84580750263781,17.0270039193839
Don't Be Afraid of the Dark,0,100,R,25,84,2780,8525728,24046682,58,34,2011,8,15.9585989733823,17.0343863828325,7.93020620668468,16.9955075824204
Monte Carlo,1,109,PG,20,90,2473,7453944,23186769,38,49,2011,7,15.8242538462483,16.8112428315183,7.81318726752142,16.9590923722285
Your Highness,1,102,R,49.9,42,2772,9360020,21596445,27,34,2011,4,16.0519579852036,17.7255315607217,7.92732436030979,16.8880392757757
Mars Needs Moms,1,88,PG,150,105,3117,6914488,21392758,37,41,2011,3,15.7491294784019,18.8261458520605,8.04462627976734,16.8785630115031
Dream House,1,92,PG-13,50,49,2664,8129355,21302340,6,36,2011,9,15.9109921425834,17.7275335633924,7.88758403166028,16.8743274838005
Conan the Barbarian (2011),1,112,R,90,49,3015,10021215,21295021,24,30,2011,8,16.1202149037549,18.3153202282945,8.01135510916129,16.873983847486
The Three Musketeers (2011),0,110,PG-13,75,70,3017,8674452,20374484,24,40,2011,10,15.9758927117731,18.1329986715006,8.01201823915906,16.8297938916171
The Eagle,0,114,PG-13,25,56,2296,8684464,19490041,39,41,2011,2,15.9770462401512,17.0343863828325,7.73892375743946,16.7854141751244
Shark Night 3D,0,95,PG-13,25,84,2848,8404260,18877153,17,22,2011,9,15.9442492781172,17.0343863828325,7.95437227253187,16.7534629128195
Fright Night (2011),1,106,R,30,84,3114,7714388,18302607,72,59,2011,8,15.8585977146446,17.2167079396264,8.04366335239394,16.7225540666817
Apollo 18,1,86,PG-13,5,84,3330,8704271,17687709,24,23,2011,9,15.9793243827035,15.4249484703984,8.11072758297449,16.6883805495523
The Thing (2011),1,103,R,38,35,2996,8493665,16928670,35,43,2011,10,15.9548311494732,17.4530967176907,8.00503334463711,16.644519192252
Judy Moody and the NOT Bummer Summer,0,91,PG,20,70,2524,6076859,15013650,19,41,2011,6,15.6199985086104,16.8112428315183,7.8336002236611,16.5244703452675
What's Your Number?,1,106,R,20,56,3011,5421669,14011084,23,44,2011,9,15.5059142595934,16.8112428315183,8.01002752848173,16.4553592886248
One Day,0,107,PG-13,15,35,1725,5079566,13843771,36,49,2011,8,15.4407363828342,16.5235607590665,7.45298232946546,16.4433459421386
Warrior,1,139,PG-13,25,56,1883,5242107,13657115,83,92,2011,9,15.4722340747136,17.0343863828325,7.54062152865715,16.4297711892153
The Tree of Life,1,138,PG-13,32,154,237,372920,13303319,84,60,2011,5,12.8291191984106,17.281246460764,5.46806014113513,16.403524110932
The Rum Diary,0,120,R,45,56,2292,5135369,13109815,50,36,2011,10,15.4516622585488,17.6221730477346,7.73718007783463,16.3888717442749
Glee The 3D Concert Movie,1,100,PG,9,49,2040,5961231,11862398,60,65,2011,8,15.6007875613385,16.0127351353005,7.62070508683826,16.2888841233386
The Conspirator,0,122,PG-13,25,154,849,3506602,11538204,55,62,2011,4,15.0701580353711,17.0343863828325,6.74405918631135,16.2611741743499
Jane Eyre,0,121,PG-13,,126,319,182885,11242660,84,76,2011,3,12.1166128189874,,5.76519110278484,16.2352260292358
Drive Angry,0,104,R,50,56,2290,5187625,10721033,45,37,2011,2,15.4617865396163,17.7275335633924,7.73630709654829,16.1877180709047
Straw Dogs (2011),1,105,R,25,27,2408,5123760,10324441,41,34,2011,9,15.4493991024943,17.0343863828325,7.78655180642871,16.1500245549099
Win Win,1,106,R,,126,388,150362,10179275,94,85,2011,3,11.9208009989996,,5.96100533962327,16.1358643484759
Hoodwinked Too! Hood vs. Evil,1,85,PG,30,84,2505,4108630,10143779,11,36,2011,4,15.2286001975712,17.2167079396264,7.82604401351897,16.1323711691442
Prom,1,103,PG,8,56,2730,4712638,10130219,36,40,2011,4,15.3657583941293,15.8949520996441,7.91205688817901,16.1310334949448
I Don't Know How She Does It,1,95,PG-13,24,70,2490,4402201,9662284,17,32,2011,9,15.2976152010893,16.9935643883122,7.82003798945875,16.0837406171648
Johnny English Reborn,1,101,PG,45,35,1554,3833300,8305970,39,45,2011,10,15.1592366089754,17.6221730477346,7.34858753092759,15.9324850913195
Kevin Hart: Laugh at My Pain,0,89,R,0.8,98,287,1908420,7706436,71,85,2011,9,14.4617862325524,13.5923670066501,5.65948221575962,15.8575663818566
The Big Year,1,100,PG,41,48,2150,3251884,7204138,40,40,2011,10,14.9947450786569,17.5290826246686,7.67322312112171,15.7901661411189
Take Me Home Tonight,0,114,R,19,49,2003,3464679,6928068,28,42,2011,3,15.0581305456221,16.7599495371307,7.60240133566582,15.7510915444187
Cedar Rapids,1,86,R,,105,462,302968,6861102,85,60,2011,2,12.6213824683533,,6.13556489108174,15.7413786282
Beginners,0,104,R,3.2,98,170,141340,5790894,84,77,2011,6,11.8589236142448,14.97866136777,5.13579843705026,15.5717972417752
Margin Call,0,109,R,3.5,119,199,561906,5354039,88,74,2011,10,13.2390898550999,15.0682735264596,5.29330482472449,15.4933617873093
Atlas Shrugged: Part I,0,102,PG-13,20,35,465,1686347,4627375,11,70,2011,4,14.3380752089416,16.8112428315183,6.14203740558736,15.3475003106392
The Company Men,1,105,R,15,119,277,647797,4441272,67,55,2011,1,13.3813326546497,16.5235607590665,5.62401750618734,15.3064513798655
Barney's Version (U.S. only),1,132,R,30,161,281,65241,4439201,80,79,2011,1,11.0858433846371,17.2167079396264,5.63835466933375,15.3059849632596
The Way,0,115,PG-13,,161,283,110418,4430765,82,83,2011,10,11.6120284430133,,5.64544689764324,15.304082813343
Seven Days in Utopia,0,98,G,7.5,63,561,1316910,4373074,14,69,2011,9,14.0907986412605,15.8304135785065,6.3297209055227,15.2909767522734
Shame,1,99,NC-17,6.5,105,95,349519,3909002,79,75,2011,12,12.7643132025546,15.6873127348659,4.55387689160054,15.1787926564148
Like Crazy,0,89,PG-13,0.3,77,162,123140,3395391,73,61,2011,10,11.7210771984652,12.6115377536383,5.08759633523238,15.0379294817102
From Prada to Nada,1,107,PG-13,7,63,261,1115638,3033623,21,41,2011,1,13.9249369965433,15.7614207070196,5.56452040732269,14.9252681727652
Martha Marcy May Marlene,1,120,R,1,69,183,137651,2990625,90,71,2011,10,11.8324767753464,13.8155105579643,5.20948615284142,14.9109929536235
Everything Must Go,0,100,R,5,126,245,791676,2711643,75,53,2011,5,13.581907496187,15.4249484703984,5.50125821054473,14.8130652822094
The Way Back,0,119,PG-13,30,42,678,1218868,2701859,75,72,2011,1,14.0134331171202,17.2167079396264,6.5191472879404,14.8094506125729
Carnage (2011),1,79,R,25,140,494,79795,2547047,71,66,2011,12,11.2872161248333,17.0343863828325,6.20253551718792,14.7504452068734
Bucky Larson: Born to Be a Star,1,96,R,10,14,1500,1415023,2529395,0,25,2011,9,14.1626563433443,16.1180956509583,7.3132203870903,14.7434907016727
The Grace Card,0,90,PG-13,0.2,56,352,1010299,2430735,35,82,2011,2,13.8257568846103,12.2060726455302,5.8636311755981,14.703704238718
The Mighty Macs,0,102,G,7,42,975,963221,1891936,46,64,2011,10,13.7780381556246,15.7614207070196,6.88243747099785,14.4531112013833
A Better Life,0,97,PG-13,10,70,216,62087,1759252,84,79,2011,6,11.0362919062324,16.1180956509583,5.37527840768417,14.3803992766762
We Need to Talk About Kevin,0,112,R,7,164,80,24587,1738692,76,78,2011,12,10.1099731269542,15.7614207070196,4.38202663467388,14.3686436643665
Take Shelter,1,120,R,5,175,91,52041,1730296,92,81,2011,9,10.8597871484295,15.4249484703984,4.51085950651685,14.3638030501042
The Art of Getting By,1,84,PG-13,5,28,610,679160,1430241,18,47,2011,6,13.4286120194299,15.4249484703984,6.41345895716736,14.1733535195048
Another Earth,1,92,PG-13,0.1,77,94,77740,1321194,63,66,2011,7,11.2611252044062,11.5129254649702,4.54329478227,14.0940464311624
Kill the Irishman,0,106,R,12,112,56,145430,1188194,63,68,2011,3,11.8874501501718,16.3004172077523,4.02535169073515,13.9879450652361
Dylan Dog: Dead of Night,0,107,PG-13,20,21,875,754779,1186538,8,29,2011,4,13.5341802701499,16.8112428315183,6.77422388635761,13.9865503813152
The Whistleblower,0,112,R,,84,70,61002,1124966,74,71,2011,8,11.0186619295032,,4.24849524204936,13.9332633709417
Red State,0,97,R,4,104,5,204230,1104682,58,55,2011,3,12.2270020887112,15.2018049190842,1.6094379124341,13.9150680687111
There Be Dragons,0,120,PG-13,36,28,259,705537,1069334,11,55,2011,5,13.4667144939742,17.3990294964204,5.55682806169954,13.8825465827416
Attack the Block,1,88,R,13,63,66,139506,1024175,90,74,2011,7,11.8458628900713,16.3804599154258,4.18965474202643,13.8393979684176
Meek's Cutoff,0,104,PG,2,140,45,20024,977772,85,54,2011,4,9.90468683311161,14.5086577385242,3.80666248977032,13.7930317930039
The Beaver,0,91,PG-13,21,56,168,107577,970816,60,56,2011,5,11.5859621492142,16.8600329956877,5.12396397940326,13.7858922339513
Higher Ground,1,109,R,2,133,81,21495,841733,80,63,2011,8,9.97557562893038,14.5086577385242,4.39444915467244,13.6432181407992
Pariah,0,86,R,0.5,79,24,48579,769552,94,82,2011,12,10.7909466177416,13.1223633774043,3.17805383034795,13.5535638063262
Hobo With a Shotgun,0,86,Unrated,3,98,21,12046,703372,66,58,2011,5,9.39648793360367,14.9141228466324,3.04452243772342,13.4636411915763
Terri,0,105,R,,84,36,65103,655802,86,60,2011,7,11.0837259100842,,3.58351893845611,13.3936141930983
Machine Gun Preacher,0,123,R,30,70,93,45130,538690,29,63,2011,9,10.717302492821,17.2167079396264,4.53259949315326,13.1968955452886
Creature (2011),0,93,R,3,7,1507,327000,508714,11,16,2011,9,12.6977154498794,14.9141228466324,7.3178761986265,13.1396412515645
Weekend (2011),0,97,Unrated,0.2,69,26,27245,484592,95,86,2011,9,10.2126252970172,12.2060726455302,3.25809653802148,13.0910625787677
Submarine,1,97,R,,77,28,41832,467602,86,81,2011,6,10.641416875868,,3.3322045101752,13.0553727857309
The 5th Quarter,0,101,PG-13,6,21,123,202342,408159,40,63,2011,3,12.2177146140641,15.6072700271923,4.81218435537242,12.919412083353
Hesher,0,109,R,7,84,42,126046,382946,54,61,2011,5,11.7444021986734,15.7614207070196,3.73766961828337,12.8556492660554
Mooz-lum,0,99,PG-13,1.5,49,21,139835,369129,78,78,2011,2,11.8482184351014,14.2209756660724,3.04452243772342,12.818901455425
The First Grader,0,103,PG-13,,83,36,20437,332306,59,77,2011,5,9.92510226250854,,3.58351893845611,12.7138115101532
Super,0,90,R,2.5,55,39,46549,327716,49,55,2011,4,10.7482608001973,14.7318012898384,3.66356164612965,12.6999026586399
Marvel's The Avengers,1,142,PG-13,220,154,4349,207438708,623357910,92,91,2012,5,19.1503464708683,19.2091381043166,8.37770121259764,20.250631406175
The Dark Knight Rises,1,165,PG-13,250,147,4404,160887295,448139099,88,90,2012,7,18.8962146467567,19.3369714758265,8.39026849784257,19.9206142310269
The Hunger Games,1,142,PG-13,78,168,4137,152535747,408010692,84,81,2012,3,18.8429095331002,18.1722193846539,8.32772616646141,19.8268039379074
Skyfall,1,143,PG-13,200,122,3526,88364714,304360277,92,86,2012,11,18.2969832850252,19.1138279245123,8.16791936295782,19.5337226793786
The Hobbit: An Unexpected Journey,1,166,PG-13,180,133,4100,84617303,303003568,64,83,2012,12,18.2536493308504,19.0084674088545,8.3187422526924,19.5292551389819
The Twilight Saga: Breaking Dawn Part 2,1,116,PG-13,120,112,4070,141067634,292324737,49,71,2012,11,18.7647500070946,18.6030023007463,8.31139827843664,19.4933758553067
The Amazing Spider-Man,1,136,PG-13,230,104,4318,62004688,262030663,73,77,2012,7,17.9427205530541,19.2535898668875,8.37054761107475,19.3839720892285
Brave,1,100,PG,185,210,4164,66323594,237283207,78,76,2012,6,18.0100562591203,19.0358663830426,8.33423142973486,19.2847649519402
Ted,1,106,R,50,118,3303,54415205,218815487,68,74,2012,6,17.8121541764488,17.7275335633924,8.10258642539079,19.2037394075429
Madagascar 3: Europe's Most Wanted,1,93,PG,145,133,4263,60316738,216391482,79,73,2012,6,17.9151202019524,18.7922443003848,8.35772841676521,19.1925997418698
Dr. Seuss' The Lorax,1,95,PG,70,147,3769,70217070,214030500,54,64,2012,3,18.06710200183,18.0640058000136,8.23456499326714,19.1816290861951
Wreck-It Ralph,1,108,PG,165,182,3752,49038712,189422889,86,86,2012,11,17.7081205849733,18.9214560318649,8.23004431012611,19.0594925814673
MIB 3,1,106,PG-13,225,108,4248,54592779,179020854,70,71,2012,5,17.8154121792217,19.2316109601687,8.35420356292178,19.0030128598124
Django Unchained,1,165,R,100,143,3012,30122888,162805434,88,92,2012,12,17.2207958394336,18.4206807439524,8.01035958891978,18.908066389354
Ice Age: Continental Drift,1,94,PG,95,210,3886,46629259,161321843,37,63,2012,7,17.657738777601,18.3693874495648,8.26513562993739,18.8989119524021
Snow White and the Huntsman,1,127,PG-13,170,97,3777,56217700,155332381,48,52,2012,6,17.8447422118979,18.9513089950145,8.23668532271246,18.8610777725017
Les Miserables (2012),1,157,PG-13,61,101,2927,27281735,148809770,70,79,2012,12,17.1217279886239,17.9263844221376,7.98173328669189,18.81817933681
Hotel Transylvania,1,91,PG,85,144,3375,42522194,148313048,45,72,2012,9,17.5655367093542,18.2581618144546,8.12415060330663,18.8148357870544
Taken 2,1,91,PG-13,45,140,3706,49514769,139854287,21,53,2012,10,17.7177815466737,17.6221730477346,8.21770840684531,18.7561116314148
21 Jump Street,1,109,R,42,108,3148,36302612,138447667,85,82,2012,3,17.4074002525692,17.5531801762476,8.05452260953729,18.7460029565906
Argo,1,120,R,44.5,194,3247,19458109,136025503,96,90,2012,10,16.7837744563108,17.6109997471365,8.08548677210285,18.7283529481791
Prometheus,1,124,R,130,105,3442,51050101,126477084,73,69,2012,6,17.7483180810255,18.6830450084199,8.14380797677148,18.6555716955713
Safe House,1,117,R,85,97,3121,40172720,126373434,53,64,2012,2,17.5086987162662,18.2581618144546,8.04590874227078,18.6547518435367
The Vow,1,104,PG-13,30,94,3038,41202458,125014030,29,63,2012,2,17.5340084727343,17.2167079396264,8.01895468315572,18.6439365289681
Life of Pi,1,126,PG,120,247,2946,22451514,124987023,87,84,2012,11,16.9268686086314,18.6030023007463,7.98820359702258,18.6437204738773
Magic Mike,1,110,R,7,91,3120,39127170,113721571,80,61,2012,6,17.4823276685453,15.7614207070196,8.04558828080353,18.5492636592841
The Bourne Legacy,1,135,PG-13,125,91,3753,38142825,113203870,55,59,2012,8,17.4568482246122,18.6438242952666,8.23031079913502,18.5447009104281
Journey 2: The Mysterious Island,1,94,PG,79,140,3500,27335363,103860290,42,59,2012,2,17.1236917699011,18.1849584104313,8.16051824747751,18.4585571885968
Rise of the Guardians,1,97,PG,145,142,3672,23773465,103412758,74,81,2012,11,16.9840806006942,18.7922443003848,8.20849175174038,18.4542388973403
Flight,1,139,R,31,105,2638,24900566,93772375,78,75,2012,11,17.0304010921003,17.2494977624494,7.87777633327726,18.3563808610051
Think Like a Man,1,122,PG-13,12,80,2052,33636303,91547205,53,80,2012,4,17.3311164880998,16.3004172077523,7.62657020629066,18.3323652988536
The Campaign,1,97,R,95,105,3302,26588460,86907746,64,51,2012,8,17.095987845032,18.3693874495648,8.10228362448007,18.2803577232022
The Expendables 2,1,102,R,100,98,3355,28591370,85028192,65,67,2012,8,17.1686154820032,18.4206807439524,8.11820704940578,18.2584934300523
Wrath of the Titans,1,99,PG-13,150,91,3545,33457188,83670083,25,49,2012,3,17.3257772093458,18.8261458520605,8.17329343896623,18.2423920402636
Jack Reacher,1,130,PG-13,60,91,3352,15210156,80070736,61,67,2012,12,16.5374739205931,17.9098551201864,8.11731246160197,18.1984210019636
Dark Shadows,1,113,PG-13,150,98,3755,29685274,79727149,37,46,2012,5,17.2061616558953,18.8261458520605,8.23084356419824,18.1941207256555
Parental Guidance,1,104,PG,25,150,3368,14554053,77267296,18,60,2012,12,16.4933800694931,17.0343863828325,8.12207437536222,18.1627813451212
John Carter,1,132,PG-13,250,112,3749,30180188,73078100,51,60,2012,3,17.2226962405755,19.3369714758265,8.22924441673591,18.1070392902308
Act of Valor,0,111,R,12,105,3053,24476632,70012847,25,72,2012,2,17.0132294244438,16.3004172077523,8.02387999273488,18.0641893117458
This Is 40,1,133,R,35,70,2931,11579175,67544505,51,50,2012,12,16.2647187840479,17.3708586194537,7.98309894071089,18.0282972719114
Contraband,1,110,R,25,63,2870,24349815,66528000,51,57,2012,1,17.0080348099281,17.0343863828325,7.96206730875367,18.0131334696399
Looper,0,118,R,30,96,2993,20801522,66486205,93,82,2012,9,16.8505367150715,17.2167079396264,8.0040315078527,18.0125050404977
Tyler Perry's Madea's Witness Protection,1,114,PG-13,20,84,2161,25390575,65653242,21,67,2012,6,17.0498886001357,16.8112428315183,7.67832635650689,17.9998975405859
Battleship,1,131,PG-13,209,76,3702,25534825,65422625,34,55,2012,5,17.0555537647018,19.1578448099291,8.21662849313344,17.9963787046134
Mirror Mirror,0,106,PG,85,140,3618,18132085,64935167,49,45,2012,3,16.7131935788766,18.2581618144546,8.19367666595524,17.9888998993256
Chronicle (2012),1,83,PG-13,12,126,2908,22004098,64575175,85,71,2012,2,16.9067392667033,16.3004172077523,7.97522083865341,17.9833406069696
Hope Springs,1,121,PG-13,30,75,2441,14650121,63536011,74,56,2012,8,16.4999591527789,17.2167079396264,7.80016307039296,17.9671174054834
Underworld Awakening,1,88,R,70,49,3078,25306725,62321039,26,62,2012,1,17.0465807286531,18.0640058000136,8.03203531439882,17.9478096314032
The Lucky One,1,101,PG-13,25,91,3175,22518358,60457138,20,67,2012,4,16.9298414456112,17.0343863828325,8.06306291132679,17.9174452091128
The Dictator,1,83,R,65,72,3014,17435092,59650222,57,45,2012,5,16.6739955148202,17.9898978278599,8.01102337918644,17.9040084282113
Total Recall (2012),1,121,PG-13,125,66,3601,25577758,58877969,30,47,2012,8,17.0572337036749,18.6438242952666,8.18896686364888,17.8909775379041
American Reunion,1,113,R,50,55,3203,21514080,57011521,43,63,2012,4,16.8842181624761,17.7275335633924,8.07184314960916,17.8587639281818
ParaNorman,0,93,PG,60,140,3455,14087050,56003051,87,72,2012,8,16.4607664936079,17.9098551201864,8.14757773620177,17.8409167293582
This Means War,1,97,PG-13,65,119,3189,17405930,54760791,26,57,2012,2,16.6723215107218,17.9898978278599,8.06746266701006,17.8184850031305
Project X,1,88,R,12,77,3055,21051363,54731865,28,61,2012,3,16.8624758665903,16.3004172077523,8.0245348716057,17.8179566389144
The Woman in Black,0,95,PG-13,15,91,2856,20874072,54333290,66,55,2012,2,16.8540183726232,16.5235607590665,7.95717732345948,17.8106476725566
Paranormal Activity 4,1,95,R,5,79,3412,29003866,53921300,24,35,2012,10,17.1829396894105,15.4249484703984,8.13505390861157,17.80303613407
The Devil Inside,1,87,R,1,77,2551,33732515,53261944,6,22,2012,1,17.333972766962,13.8155105579643,7.84424071814181,17.7907326378717
The Odd Life of Timothy Green,1,100,PG,40,156,2717,10822903,51854875,33,68,2012,8,16.1971750948422,17.5043900120782,7.90728360942635,17.7639595094351
Ghost Rider: Spirit of Vengeance,1,95,PG-13,57,84,3174,22115334,51774002,18,32,2012,2,16.9117817720419,17.8585618257988,8.06274790108635,17.7623986893479
The Grey,0,117,R,25,84,3208,19665101,51580236,79,61,2012,1,16.7943560998633,17.0343863828325,8.07340296898641,17.7586491338238
Red Tails,1,120,PG-13,58,140,2573,18782154,49876377,40,58,2012,1,16.7484177216529,17.8759535685107,7.85282781228174,17.7250580418157
The Possession,1,91,PG-13,14,84,2860,17732480,49130154,40,49,2012,8,16.6909085441852,16.4545678875795,7.9585769038139,17.7099835386809
Diary of a Wimpy Kid: Dog Days,1,94,PG,22,140,3401,14623599,49008662,51,64,2012,8,16.4981471516218,16.9065530113226,8.1318247850072,17.7075076159622
Sinister,1,110,R,3,84,2542,18007634,48086903,63,61,2012,10,16.7063063370619,14.9141228466324,7.8407064517494,17.6885204110969
Savages (2012),1,130,R,45,62,2635,16016910,47382068,51,55,2012,7,16.5891555971049,17.6221730477346,7.87663846097546,17.6737544028509
Here Comes the Boom,1,105,PG,26,130,3014,11816596,45290318,38,66,2012,10,16.2850155420025,17.0736070959858,8.01102337918644,17.6286038369253
Red Dawn (2012),0,93,PG-13,65,93,2781,14276668,44806783,12,52,2012,11,16.4741371543159,17.9898978278599,7.93056585423397,17.6178700921744
The Three Stooges,1,92,PG,30,126,3482,17010125,44338224,51,48,2012,4,16.6493193129635,17.2167079396264,8.15536212032814,17.6073577072231
Resident Evil: Retribution,1,95,R,65,59,3016,21052227,42345531,31,51,2012,9,16.8625169082212,17.9898978278599,8.01168672912785,17.5613734481104
The Cabin in the Woods,1,95,R,30,91,2811,14743614,42073277,92,73,2012,4,16.506320597848,17.2167079396264,7.94129557090653,17.5549233465193
What to Expect When You're Expecting,1,110,PG-13,40,77,3021,10547068,41152203,22,48,2012,5,16.171358464569,17.5043900120782,8.01334318138667,17.5327880194988
End of Watch,0,109,R,7,119,2780,13152683,41003371,85,86,2012,9,16.3921363261949,15.7614207070196,7.93020620668468,17.5291648408009
Rock of Ages,1,123,PG-13,75,63,3470,14437269,38518613,41,54,2012,6,16.4853235461183,18.1329986715006,8.15190987294091,17.466652136977
Abraham Lincoln: Vampire Hunter,1,105,R,69,91,3109,16306974,37519139,35,51,2012,6,16.6071034270348,18.0496170625615,8.04205641005875,17.4403617340778
Lawless,1,115,R,26,93,3138,10001982,37400127,67,75,2012,8,16.1182938313193,17.0736070959858,8.05134093329298,17.4371846581009
The Guilt Trip,1,95,PG-13,40,79,2431,5290629,37134215,38,39,2012,12,15.4814477003577,17.5043900120782,7.79605797431612,17.430049339775
That's My Boy,1,114,R,70,38,3030,13453714,36931089,20,52,2012,6,16.4147657597232,18.0640058000136,8.01631789850342,17.4245642746149
Trouble with the Curve,1,111,PG-13,60,84,3212,12162040,35763137,50,67,2012,9,16.3138301835895,17.9098551201864,8.07464907506665,17.3924282281357
The Watch,1,102,R,68,83,3168,12750297,35353000,17,40,2012,7,16.3610651234151,18.0350182631404,8.06085575293432,17.3808938123354
Frankenweenie,1,87,PG,39,147,3005,11412213,35291068,87,70,2012,10,16.250194655705,17.4790722040939,8.00803284696931,17.3791404587243
Step Up Revolution,1,100,PG-13,33,70,2606,11731708,35074677,42,69,2012,7,16.2778058195778,17.3120181194308,7.86557175768479,17.3729899750722
Tyler Perry's Good Deeds,1,129,PG-13,14,84,2132,15583924,35025791,31,76,2012,2,16.5617504280558,16.4545678875795,7.66481578528574,17.371595233801
House at the End of The Street,0,101,PG-13,10,91,3083,12287234,31611916,10,42,2012,9,16.324071395187,16.1180956509583,8.03365842788615,17.2690446960847
The Pirates! Band of Misfits,1,88,PG,55,101,3358,11137734,31051126,86,60,2012,4,16.2258493606415,17.8228437431967,8.11910083763749,17.2511456297764
Joyful Noise,1,118,PG-13,27.5,70,2735,11225190,30932113,33,66,2012,1,16.2336709179527,17.1296965626368,7.91388671485608,17.2473054578791
The Five-Year Engagement,1,124,R,30,55,2941,10610060,28835528,63,52,2012,4,16.1773131656166,17.2167079396264,7.986504938554,17.1771187959443
Cloud Atlas,1,164,R,102,91,2023,9612247,27108272,66,66,2012,10,16.0785485725537,18.4404833712485,7.61233683716775,17.1153494791261
One For the Money,1,91,PG-13,40,77,2737,11515790,26414527,2,43,2012,1,16.2592296950495,17.5043900120782,7.91461770904068,17.0894246819277
Alex Cross,1,101,PG-13,35,77,2541,11396768,25888412,12,48,2012,10,16.2488403643966,17.3708586194537,7.84031298332016,17.0693060134232
Sparkle (2012),0,120,PG-13,14,45,2244,11643342,24397469,57,65,2012,8,16.2702450724605,16.4545678875795,7.71601526664259,17.009989955375
Premium Rush,1,91,PG-13,35,59,2255,6030164,20275446,76,60,2012,8,15.6122847656801,17.3708586194537,7.72090525193678,16.8249211552577
Big Miracle,1,123,PG,40,63,2133,7760205,20157300,73,64,2012,2,15.8645193093362,17.5043900120782,7.66528471847135,16.8190770636268
Haywire,0,93,R,23,63,2441,8425370,18942396,80,40,2012,1,15.9467579501523,16.9510047738934,7.80016307039296,16.756913142473
Man on a Ledge,1,102,PG-13,42,35,2998,8001932,18620000,32,52,2012,1,15.8951935704877,17.5531801762476,8.00570067866254,16.7397468298132
A Thousand Words,1,91,PG-13,40,84,1895,6176280,18450127,0,47,2012,3,15.6362267064466,17.5043900120782,7.54697411751653,16.730581811896
Chernobyl Diaries,1,90,R,1,56,2433,7955307,18119640,19,28,2012,5,15.8893498110898,13.8155105579643,7.79688034278352,16.7125069908321
Silent Hill: Revelation 3D,0,94,R,20,52,2933,8023036,17529157,5,36,2012,10,15.8978274618253,16.8112428315183,7.98378106897745,16.6793761667508
Wanderlust,1,98,R,32.5,41,2002,6526650,17450535,59,40,2012,2,15.6914043527691,17.2967506473,7.60190195987517,16.6748808651685
Safe (2012),1,95,R,30,56,2271,7892539,17142080,57,59,2012,4,15.8814284408021,17.2167079396264,7.72797554210556,16.6570468173301
The Raven,0,103,R,26,77,2209,7289642,16008272,23,46,2012,4,15.8019649944114,17.0736070959858,7.70029520342012,16.5886161466056
The Man with the Iron Fists,1,96,R,15,49,1872,7910980,15634090,49,40,2012,11,15.8837622258749,16.5235607590665,7.53476265703754,16.56496434443
Killing Them Softly,1,97,R,15,84,2424,6812900,15026056,75,44,2012,11,15.7343284318263,16.5235607590665,7.79317434718921,16.5252963187777
Seven Psychopaths,0,109,R,15,70,1480,4174915,15024049,83,71,2012,10,15.2446045567784,16.5235607590665,7.29979736675816,16.5251627418732
Hit and Run,0,100,R,2,51,2870,4526222,13749300,49,49,2012,8,15.3253981539064,14.5086577385242,7.96206730875367,16.43649847169
Dredd,1,95,R,50,42,2557,6278491,13414714,78,72,2012,9,15.6526402229467,17.7275335633924,7.84658997529119,16.411862722196
Playing for Keeps,0,95,PG-13,35,76,2840,5750288,13102272,4,42,2012,12,15.5647604984757,17.3708586194537,7.95155933115525,16.3882962082478
Anna Karenina,0,130,R,49,105,422,320690,12816367,63,50,2012,11,12.6782302034053,17.7073308560749,6.04500531403601,16.3662335839602
Beasts of the Southern Wild,1,91,PG-13,1.8,268,318,169702,12795746,86,76,2012,6,12.0417992366567,14.4032972228664,5.76205138278018,16.3646233299014
Silent House,0,85,R,2,56,2124,6661234,12754783,71,36,2012,3,15.7118153106387,14.5086577385242,7.66105638236183,16.3614168964772
Cirque Du Soleil: Worlds Away,1,91,PG,25,56,840,2162993,12512862,47,58,2012,12,14.587003468684,17.0343863828325,6.73340189183736,16.342267633256
People Like Us,1,115,PG-13,16,63,2055,4255423,12434778,55,62,2012,6,15.2637047275045,16.5880992802041,7.62803112693034,16.3360077822255
Gone,1,85,PG-13,1,49,2186,4770360,11682205,11,43,2012,2,15.3779323317148,13.8155105579643,7.68982866873648,16.2735773017934
The Words,0,96,PG-13,6,28,2801,4750894,11494838,22,50,2012,9,15.3738433688278,15.6072700271923,7.93773177526011,16.2574086229962
Fun Size,1,90,PG-13,14,49,3016,4101017,9409538,25,48,2012,10,15.226745549696,16.4545678875795,8.01168672912785,16.0572344136506
Bernie,0,104,PG-13,14,146,332,85805,9206470,90,72,2012,4,11.3598325588364,16.4545678875795,5.80513496891649,16.0354170557168
Salmon Fishing in the Yemen,0,112,PG-13,50,91,524,225894,9047981,67,64,2012,3,12.3278211416784,17.7275335633924,6.26149168432104,16.0180521968643
Arbitrage,0,100,R,12,126,256,2002165,7919574,87,63,2012,9,14.5097396530436,16.3004172077523,5.54517744447956,15.8848479744652
Seeking a Friend for the End of the World,0,94,R,10,14,1625,3822803,7078738,56,53,2012,6,15.1564944811389,16.1180956509583,7.39326309476384,15.7726062011942
The Collection,0,81,R,10,31,1403,3104269,6842058,37,50,2012,11,14.9482888189014,16.1180956509583,7.24636808010246,15.7385991215373
Hyde Park on Hudson,0,94,R,,112,246,81362,6376145,36,31,2012,12,11.3066636125245,,5.50533153593236,15.6680742407243
Hitchcock,1,98,PG-13,,112,561,287715,6008677,62,60,2012,11,12.5697256858239,,6.3297209055227,15.6087151491671
Chasing Mavericks,1,111,PG,20,80,2030,2268274,6002756,31,71,2012,10,14.6345297478202,16.8112428315183,7.61579107203583,15.6077292550644
The Sessions,1,98,R,1,147,516,113467,6002451,94,81,2012,10,11.6392673247293,13.8155105579643,6.24610676548156,15.6076784437789
Casa De Mi Padre,1,84,R,6,63,475,2287239,5909483,43,36,2012,3,14.6428559712614,15.6072700271923,6.16331480403464,15.5920689067064
Won't Back Down,1,121,PG,25,56,2517,2603370,5310554,33,62,2012,9,14.7723173175556,17.0343863828325,7.83082299513532,15.4852067192261
October Baby (2012),0,107,PG-13,1,84,390,1697130,5157886,22,80,2012,3,14.3444491470572,13.8155105579643,5.96614673912369,15.4560373635894
The Apparition,1,82,PG-13,17,49,810,2841488,4936819,3,25,2012,8,14.8598384165888,16.6487239020205,6.69703424766648,15.4122317546285
"Jeff, Who Lives at Home",0,83,R,7.5,63,513,855709,4269426,78,62,2012,3,13.6596856440556,15.8304135785065,6.24027584517077,15.2669899499393
Goon,0,91,R,8,98,242,1232860,4168528,82,70,2012,2,14.0248472314987,15.8949520996441,5.48893772615669,15.2430735338547
Safety Not Guaranteed,0,85,R,0.8,133,182,97762,4010957,91,80,2012,6,11.4902912324613,13.5923670066501,5.2040066870768,15.2045404241762
The Cold Light of Day,1,93,PG-13,20,28,1511,1831588,3763583,5,29,2012,9,14.4206939080948,16.8112428315183,7.32052696227274,15.1408819871527
Nitro Circus the Movie 3D,0,88,PG-13,,65,800,1183701,3377618,6,63,2012,8,13.9841565287503,,6.68461172766793,15.0326812852898
Atlas Shrugged: Part II,0,112,PG-13,10,49,1012,1751572,3336053,5,62,2012,10,14.3760242283968,16.1180956509583,6.91968384984741,15.0202989296247
Last Ounce of Courage,0,101,PG,20,28,1407,1585994,3329674,0,70,2012,9,14.2767218980676,16.8112428315183,7.24921505711439,15.0183849592664
Robot & Frank,0,90,PG-13,2.5,137,209,35539,3325038,86,75,2012,8,10.4783859640027,14.7318012898384,5.34233425196481,15.0169916605782
Celeste and Jesse Forever,1,91,R,0.8,133,586,107785,3094813,70,61,2012,8,11.5878937812075,13.5923670066501,6.37331978957701,14.9452380422432
Albert Nobbs,0,114,R,7.5,112,245,696088,3014696,56,48,2012,1,13.4532313681057,15.8304135785065,5.50125821054473,14.9190095538724
Girl in Progress,1,90,PG-13,5,42,322,1384078,2609412,29,54,2012,5,14.1405447719532,15.4249484703984,5.77455154554441,14.7746354665615
Ruby Sparks,1,104,R,8,93,261,140822,2540106,79,75,2012,7,11.8552519605003,15.8949520996441,5.56452040732269,14.7477163704074
Sleepwalk with Me,0,81,PG-13,0.8,90,135,68801,2266067,84,71,2012,8,11.1389735586995,13.5923670066501,4.90527477843843,14.6335562876528
Killer Joe,0,103,NC-17,10,80,75,37900,1987762,78,61,2012,7,10.5427063910705,16.1180956509583,4.31748811353631,14.502519940722
Crooked Arrows,0,100,PG-13,5,63,327,257364,1832541,38,63,2012,5,12.458246704223,15.4249484703984,5.78996017089725,14.4212140862989
Hysteria,1,100,R,,133,218,35656,1804139,58,54,2012,5,10.4816727146264,,5.38449506278909,14.4055940276342
Your Sister's Sister,0,90,R,0.1,72,101,109221,1636190,83,66,2012,6,11.6011286314965,11.5129254649702,4.61512051684126,14.3078809263208
A Late Quartet,0,105,R,,132,100,75279,1562546,78,70,2012,11,11.2289564904303,,4.60517018598809,14.2618271001593
"For a Good Time, Call...",0,86,R,1.3,42,107,143935,1251749,55,54,2012,8,11.8771170877626,14.0778748224318,4.67282883446191,14.0400523313103
Take This Waltz,0,116,R,9.5,91,64,137019,1239692,77,57,2012,6,11.8278748813256,16.0668023565708,4.15888308335967,14.0303735196313
Woman Thou Art Loosed!: On the 7th Day,0,101,PG-13,3,49,106,641542,1213128,20,69,2012,4,13.3716299324457,14.9141228466324,4.66343909411207,14.0087127058544
The Deep Blue Sea,0,98,R,3.7,161,61,123841,1126525,79,52,2012,3,11.7267537637264,15.1238433776145,4.11087386417331,13.9346482312402
Oogieloves In The BIG Balloon Adventure,0,83,G,20,23,2160,443901,1065907,27,68,2012,8,13.0033568435792,16.8112428315183,7.67786350067821,13.8793366378759
Damsels in Distress,1,98,PG-13,3,140,205,58589,1008455,75,40,2012,4,10.9783022446342,14.9141228466324,5.32300997913841,13.823930014657
Unconditional,0,97,PG-13,2,17,312,525192,1005800,67,87,2012,9,13.1715191890023,14.5086577385242,5.74300318780948,13.82129380272
Rampart,0,107,R,12,91,106,60446,972512,74,35,2012,2,11.0095056834648,16.3004172077523,4.66343909411207,13.7876376937302
Darling Companion,1,103,PG-13,12,126,64,39962,793815,22,30,2012,4,10.5956842815601,16.3004172077523,4.15888308335967,13.5846057156
Thin Ice,0,94,R,,98,53,183527,790421,69,52,2012,2,12.1201170746175,,3.97029191355212,13.5803209938888
Cosmopolis,0,108,R,20.5,49,65,70339,763556,64,31,2012,8,11.161081689265,16.8359354441086,4.17438726989564,13.545741747382
Coriolanus,1,122,R,7.7,133,21,61136,757195,93,58,2012,1,11.0208561696867,15.8567308868239,3.04452243772342,13.5373760950203
On the Road,0,124,R,25,132,107,39550,744296,43,34,2012,12,10.5853209731958,17.0343863828325,4.67282883446191,13.5201940841565
The Paperboy,0,107,R,12.5,49,76,102706,693286,43,34,2012,10,11.5396258168002,16.3412392022725,4.33073334028633,13.4491978914482
Not Fade Away,0,112,R,20,35,565,19182,610792,70,42,2012,12,9.8617276182879,16.8112428315183,6.33682573114644,13.3225117546639
Blue Like Jazz,0,106,PG-13,1.2,56,136,261190,595018,38,64,2012,4,12.4730033908123,13.9978321147582,4.91265488573605,13.296346936171
"Peace, Love and Misunderstanding",0,96,R,,34,76,105960,590700,29,39,2012,6,11.570816943386,,4.33073334028633,13.2890635532953
W.E.,1,118,R,29,98,24,47074,583455,13,47,2012,2,10.7594761106019,17.1828063879507,3.17805383034795,13.2767226069122
Being Flynn,0,86,R,,42,88,43990,540152,51,42,2012,3,10.6917176143428,,4.47733681447821,13.1996058604135
Bachelorette,0,91,R,3,35,60,181494,447954,56,35,2012,9,12.1089778742894,14.9141228466324,4.0943445622221,13.0124458275539
Seeking Justice,0,105,R,17,21,231,249912,411746,27,39,2012,3,12.4288641348778,16.6487239020205,5.44241771052179,12.92816193336
Sound of My Voice,1,85,R,,63,48,36134,408015,74,66,2012,4,10.4949895293339,,3.87120101090789,12.9190592174164
Smashed,1,85,R,0.5,91,50,26943,376597,84,67,2012,10,10.2014788023391,13.1223633774043,3.91202300542815,12.8389309291618
Piranha 3DD,1,83,R,5,21,86,182237,376512,13,23,2012,6,12.1130633167369,15.4249484703984,4.45434729625351,12.8387051982241
Red Hook Summer,0,121,R,0.7,104,41,40070,338803,59,33,2012,8,10.5983832036302,13.4588356140255,3.71357206670431,12.7331740965024
Liberal Arts,0,97,PG-13,,69,31,27435,327345,70,60,2012,9,10.2195748494931,,3.43398720448515,12.6987699395812
Compliance,0,90,R,0.3,77,21,16427,319285,89,61,2012,8,9.7066816015412,12.6115377536383,3.04452243772342,12.6738393998355
Stolen (2012),0,96,R,35,14,141,183125,304318,16,35,2012,9,12.1179242587535,17.3708586194537,4.94875989037817,12.6258284862881
Lola Versus,1,89,R,0.15,35,52,31815,252603,35,30,2012,6,10.3676931556669,11.9183905730784,3.95124371858143,12.4395743653126
Keep the Lights On,0,101,Unrated,,112,10,55574,246112,90,62,2012,9,10.9254707449683,,2.30258509299405,12.4135419958568
My Uncle Rafael,0,102,PG-13,1.3,51,14,109747,243616,20,78,2012,9,11.6059329957119,14.0778748224318,2.63905732961526,12.4033484941059
Middle of Nowhere (2012),0,97,R,0.2,63,25,67909,236806,88,71,2012,10,11.1259238526276,12.2060726455302,3.2188758248682,12.3749965195088
Touchback,0,118,PG-13,5,41,69,66998,204232,38,64,2012,4,11.1124180471813,15.4249484703984,4.23410650459726,12.2270118815438
The Hunger Games: Catching Fire,1,146,PG-13,130,133,4163,158074286,424668047,89,90,2013,11,18.8785756450555,18.6830450084199,8.33399124719498,19.8668183558155
Iron Man 3,1,129,PG-13,200,133,4253,174144585,409013994,78,79,2013,5,18.9753964604083,19.1138279245123,8.35537989525363,19.8292599285807
Despicable Me 2,1,98,PG,76,197,4003,83517315,368061265,74,85,2013,7,18.2405645335933,18.1462438982506,8.29479935899257,19.723759963255
Man of Steel,1,143,PG-13,225,98,4207,116619362,291045518,55,76,2013,6,18.5744258729836,19.2316109601687,8.34450508359052,19.4889902321475
Gravity,1,91,PG-13,100,217,3820,55785112,274092705,97,81,2013,10,17.8370175817156,18.4206807439524,8.24800570160062,19.4289769465445
Monsters University,1,107,G,200,182,4004,82429469,268492764,78,82,2013,6,18.2274535644392,19.1138279245123,8.29504914043511,19.4083345218294
The Hobbit: The Desolation of Smaug,1,161,PG-13,225,126,3928,73645197,258366855,74,86,2013,12,18.1147694848971,19.2316109601687,8.27588566947436,19.3698910515216
Fast & Furious 6,1,130,PG-13,160,105,3771,97375245,238679850,68,84,2013,5,18.3940825781982,18.8906843731981,8.23509549725836,19.2906336721614
Oz The Great and Powerful,1,127,PG,215,133,3912,79110453,234911825,59,56,2013,3,18.1863555731852,19.1861485860919,8.27180403115471,19.2747207889326
Star Trek Into Darkness,1,123,PG-13,190,120,3907,70165559,228778661,87,90,2013,5,18.0663681360707,19.0625346301248,8.27052509505507,19.2482655482603
Thor: The Dark World,1,120,PG-13,170,161,3841,85737841,206362140,65,79,2013,11,18.266804838038,18.9513089950145,8.2534880283459,19.1451431445137
World War Z,1,116,PG-13,190,112,3607,66411834,202359711,67,72,2013,6,18.0113858214584,19.0625346301248,8.19063168090354,19.1255574192391
The Croods,1,98,PG,135,182,4065,43639736,187168425,70,78,2013,3,17.591478669415,18.7207853364027,8.31016902198191,19.0475194379096
The Heat,1,117,R,43,168,3184,39115043,159582188,65,72,2013,6,17.4820176824232,17.5767106736578,8.06589354696427,18.8880696327418
We're the Millers,1,110,R,37,121,3445,26419396,150394119,47,72,2013,8,17.0896089953285,17.4264284706085,8.14467918344776,18.8287698663219
The Great Gatsby (2013),1,143,PG-13,105,105,3550,50085185,144840419,49,68,2013,5,17.7292358137419,18.4694709081218,8.17470288246946,18.7911431357048
The Conjuring,1,112,R,20,105,3115,41855326,137400141,86,82,2013,7,17.5497296108406,16.8112428315183,8.04398443122155,18.7384079639529
Identity Thief,1,111,R,35,119,3230,34551025,134506920,19,54,2013,2,17.357947774887,17.3708586194537,8.0802374162167,18.7171262054968
Grown Ups 2,1,101,PG-13,80,129,3491,41508572,133668525,7,54,2013,7,17.5414105180884,18.1975371926382,8.15794350710504,18.7108735992492
The Wolverine,1,126,PG-13,120,133,3924,53113752,132556852,69,70,2013,7,17.7879464357327,18.6030023007463,8.27486682068525,18.7025221830637
Anchorman 2: The Legend Continues,1,119,PG-13,50,65,3507,26232425,125168368,75,55,2013,12,17.0825067989612,17.7275335633924,8.16251625014018,18.6451703329513
G.I. Joe: Retaliation,1,99,PG-13,130,113,3734,40501814,122523060,28,49,2013,3,17.5168573211972,18.6830450084199,8.22523532410167,18.6238098151312
Cloudy with a Chance of Meatballs 2,1,95,PG,78,171,4001,34017930,119793567,70,67,2013,9,17.3423982965199,18.1722193846539,8.29429960885724,18.6012805443741
Now You See Me,1,116,PG-13,75,119,3082,29350389,117723989,50,71,2013,5,17.1948163579836,18.1329986715006,8.03333401588006,18.5838533662464
The Wolf of Wall Street,1,180,R,100,100,2557,18361578,116900694,76,83,2013,12,16.7257708871757,18.4206807439524,7.84658997529119,18.5768353631227
Lee Daniels' The Butler,1,132,PG-13,30,182,3330,24637312,116632095,73,79,2013,8,17.0197725997697,17.2167079396264,8.11072758297449,18.5745350512942
The Hangover Part III,1,100,R,103,85,3565,41671198,112200072,19,45,2013,5,17.5453207526854,18.4502395461939,8.1789193328484,18.5357941927639
Epic,1,102,PG,100,119,3894,33531068,107518682,64,66,2013,5,17.3279829700079,18.4206807439524,8.26719218593215,18.4931751764795
Captain Phillips,1,134,PG-13,55,143,3143,25718314,107100855,93,90,2013,10,17.0627139030855,17.8228437431967,8.05293303679757,18.4892815185794
Jackass Presents: Bad Grandpa,1,93,R,15,91,3345,32055177,102003019,60,62,2013,10,17.2829692571477,16.5235607590665,8.11522197256233,18.4405129688498
Pacific Rim,1,131,PG-13,190,98,3285,37285325,101802906,72,77,2013,7,17.4341103755641,19.0625346301248,8.09712193091871,18.4385492078422
This is the End,1,107,R,32,117,3055,20719162,101470202,83,72,2013,6,16.8465695305222,17.281246460764,8.0245348716057,18.4352757369895
Olympus Has Fallen,0,120,R,70,112,3106,30373794,98925640,48,67,2013,3,17.2290907551331,18.0640058000136,8.04109100370863,18.4098790147625
42,1,128,PG-13,40,105,3405,27487144,95020213,79,86,2013,4,17.1292289624198,17.5043900120782,8.13300021858361,18.3696001953539
Elysium,0,109,R,115,108,3284,29807393,93050117,68,59,2013,8,17.2102670079554,18.5604426863275,8.09681747057232,18.3486487984402
Planes,1,92,PG,50,133,3716,22232291,90288712,26,50,2013,8,16.9170563395595,17.7275335633924,8.22040309993373,18.3185230050363
The Lone Ranger,1,149,PG-13,215,100,3904,29210849,89302115,30,52,2013,7,17.1900507393301,19.1861485860919,8.26975694753298,18.3075357297768
Oblivion,1,125,PG-13,120,70,3792,37054485,89107235,54,61,2013,4,17.4278999550117,18.6030023007463,8.24064886337491,18.3053510900423
Insidious Chapter 2,0,105,PG-13,5,98,3155,40272103,83586447,38,58,2013,9,17.5111695539622,15.4249484703984,8.05674377497531,18.2413919476876
Turbo,1,96,PG,135,149,3809,21312625,83028128,67,67,2013,7,16.8748101780934,18.7207853364027,8.24512196647861,18.2346899999164
2 Guns,1,109,R,61,84,3028,27059130,75612460,64,67,2013,8,17.113535029414,17.9263844221376,8.01565761455734,18.1411316423841
White House Down,1,137,PG-13,150,80,3222,24852258,73103784,50,63,2013,6,17.0284591715701,18.8261458520605,8.07775756373692,18.1073906880861
Mama,1,100,PG-13,15,77,2781,28402310,71628180,65,56,2013,1,17.1619810378518,16.5235607590665,7.93056585423397,18.0869991299194
Safe Haven,0,115,PG-13,28,106,3223,21401594,71349120,12,68,2013,2,16.8789759631994,17.1477150681395,8.07806788181544,18.0830955682441
The Smurfs 2,1,105,PG,105,110,3867,17548389,71017784,14,58,2013,7,16.6804727087909,18.4694709081218,8.2602342916073,18.0784408825142
The Best Man Holiday,1,122,R,17,56,2041,30107555,70525195,68,85,2013,11,17.2202866949024,16.6487239020205,7.62119516280985,18.0714805798255
Percy Jackson: Sea of Monsters,1,106,PG,90,177,3080,14401054,68559554,41,57,2013,8,16.4828119563121,18.3153202282945,8.03268487596762,18.0432133269818
A Good Day to Die Hard,1,97,R,92,99,3555,24834845,67349198,14,41,2013,2,17.0277582653122,18.3372991350133,8.17611034223734,18.0254015528062
Warm Bodies,1,97,PG-13,35,98,3009,20353967,66380662,80,73,2013,2,16.8287863894298,17.3708586194537,8.00936307663005,18.0109163370898
Jack the Giant Slayer,1,114,PG-13,195,105,3525,27202226,65187603,52,56,2013,3,17.118809366153,19.088510116528,8.16763571524637,17.9927798707815
The Purge,1,85,R,3,63,2591,34058360,64473115,38,37,2013,6,17.3435860817166,14.9141228466324,7.85979918056211,17.9817588731663
Last Vegas,0,90,PG-13,28,112,3237,16334566,63914167,47,60,2013,11,16.6087940339469,17.1477150681395,8.08240225392624,17.973051600565
Ender's Game,1,114,PG-13,110,70,3407,27017351,61737191,60,67,2013,11,17.1119898472002,18.5159909237567,8.13358741766097,17.9383970787567
Prisoners,1,146,R,46,77,3290,20817053,61002302,82,87,2013,9,16.8512830645426,17.6441519544534,8.09864284375942,17.9264221591305
After Earth,1,100,PG-13,130,80,3401,27520040,60522097,11,37,2013,5,17.1304250245167,18.6830450084199,8.1318247850072,17.9185190959867
The Secret Life of Walter Mitty,1,114,PG,90,107,2922,12765508,58236838,83,82,2013,12,16.3622574041839,18.3153202282945,7.98002359231065,17.8800286677964
Escape From Planet Earth,1,89,PG,40,161,3353,15891055,57012977,33,55,2013,2,16.5812669302674,17.5043900120782,8.11761074646623,17.8587894665534
Free Birds,0,90,PG,55,140,3736,15805237,55750480,18,45,2013,11,16.5758518987741,17.8228437431967,8.22577079934873,17.8363965781329
Hansel and Gretel: Witch Hunters,1,88,R,50,91,3375,19690956,55703475,15,53,2013,1,16.7956700020014,17.7275335633924,8.12415060330663,17.8355530907432
Evil Dead (2013),0,91,R,17,66,3025,25775847,54239856,62,64,2013,4,17.0649484486271,16.6487239020205,8.01466637046494,17.8089265467256
Red 2,1,116,PG-13,84,91,3016,18048422,53262560,42,64,2013,7,16.7085688150988,18.2463273568076,8.01168672912785,17.7907442032858
Tyler Perry's A Madea Christmas,1,105,PG-13,25,63,2194,16007634,52543354,19,73,2013,12,16.5885762914161,17.0343863828325,7.69348164083518,17.7771491772607
Tyler Perry's Temptation: Confessions of a Marriage Counselor,1,111,PG-13,37,63,2047,21641679,51975354,15,67,2013,3,16.8901315967331,17.4264284706085,7.62413058566129,17.766280202652
The Call,0,95,R,13,87,2507,17118745,51872378,43,66,2013,3,16.6556846199161,16.3804599154258,7.82684209815829,17.7642969906594
Pain and Gain,1,129,R,26,125,3303,20244505,49875291,50,47,2013,4,16.8233939566679,17.0736070959858,8.10258642539079,17.7250362677437
Gangster Squad,1,113,R,60,84,3103,17070347,46000903,32,58,2013,1,16.6528534226249,17.9098551201864,8.04012466444838,17.6441715846955
The Internship,1,119,PG-13,58,98,3399,17325307,44672764,34,53,2013,6,16.667678822941,17.8759535685107,8.13123654969612,17.6148745673935
Snitch,1,112,PG-13,15,98,2511,13167607,42930462,56,62,2013,2,16.3932703563746,16.5235607590665,7.82843635915759,17.5750922018479
Riddick,1,119,R,38,56,3117,19030375,42025135,58,55,2013,9,16.761546944806,17.4530967176907,8.04462627976734,17.5537784496274
A Haunted House,0,80,R,2.5,52,2160,18101682,40041683,10,52,2013,1,16.7115154200953,14.7318012898384,7.67786350067821,17.505431544495
47 Ronin,1,127,PG-13,175,44,2690,9910310,38362475,12,49,2013,12,16.1090861873507,18.9802965318878,7.89729647259589,17.4625903262318
The Family (2013),0,112,R,30,119,3091,14034764,36918811,29,42,2013,9,16.4570479525317,17.2167079396264,8.03624994213212,17.4242317623133
Walking with Dinosaurs,1,87,PG,80,112,3243,7091938,36076121,24,42,2013,12,15.7744692038932,18.1975371926382,8.08425410630732,17.4011417362925
Carrie (2013),1,92,R,30,38,3157,16101552,35266619,49,46,2013,10,16.5944262228243,17.2167079396264,8.05737748855799,17.3784474371126
Texas Chainsaw 3D,1,92,R,20,56,2659,21744470,34341945,19,42,2013,1,16.8948700302977,16.8112428315183,7.88570539124302,17.3518780513171
R.I.P.D.,1,96,PG-13,130,70,2852,12691415,33618855,13,39,2013,7,16.3564363385965,18.6830450084199,7.95577578153419,17.3305976282559
Kevin Hart: Let Me Explain,1,75,R,2.5,51,892,10030463,32244051,63,72,2013,7,16.1211373203882,14.7318012898384,6.79346613258001,17.288844119074
Side Effects (2013),0,106,R,30,98,2605,9303145,32172757,83,70,2013,2,16.0458630729992,17.2167079396264,7.86518795418747,17.2866305965067
Scary Movie 5,1,85,PG-13,20,105,3402,14157367,32015787,4,40,2013,4,16.465745682612,16.8112428315183,8.13211877295581,17.28173968286
The Mortal Instruments: City of Bones,1,120,PG-13,60,47,3118,9336957,31165421,12,59,2013,8,16.0494909541218,17.9098551201864,8.04494704961772,17.2548197368776
Delivery Man,1,105,PG-13,26,119,3036,7944977,30664106,38,49,2013,11,15.8880504630463,17.0736070959858,8.01829613851552,17.2386033428589
Grudge Match,1,113,PG-13,40,79,2856,7021993,29807260,29,50,2013,12,15.764557638843,17.5043900120782,7.95717732345948,17.2102625459652
One Direction: This is Us,0,92,PG,10,38,2735,15815497,28873374,63,80,2013,8,16.5765008400896,16.1180956509583,7.91388671485608,17.1784304135324
Kick-Ass 2,1,103,R,28,42,2945,13332955,28795985,29,60,2013,8,16.4057493480075,17.1477150681395,7.98786409608569,17.1757465256655
The Host (2013),0,125,PG-13,40,63,3202,10600112,26627201,8,50,2013,3,16.1763751250642,17.5043900120782,8.07153089355666,17.0974438452438
The World's End,0,109,R,20,105,1553,8811790,26004851,89,72,2013,8,15.9916011554811,16.8112428315183,7.34794382314869,17.0737936555055
21 and Over,0,93,R,13,77,2771,8754168,25682380,28,48,2013,3,15.9850404877757,16.3804599154258,7.92696354486298,17.0613157116193
Escape Plan,1,116,R,70,91,2883,9885732,25135965,49,57,2013,10,16.1066030634385,18.0640058000136,7.9665866976384,17.0398102470514
Don Jon,0,90,R,6,105,2422,8677009,24477704,81,60,2013,9,15.9761874419999,15.6072700271923,7.79234892411304,17.0132732203601
The Incredible Burt Wonderstone,1,100,PG-13,30,56,3160,10177257,22537881,36,33,2013,3,16.1356660828767,17.2167079396264,8.05832730658096,16.9307080515089
The Big Wedding,1,89,R,35,70,2633,7591663,21819348,7,41,2013,4,15.8425612294563,17.3708586194537,7.87587915949631,16.8983076570795
Baggage Claim,1,96,PG-13,8.5,84,2230,9031102,21569509,14,52,2013,9,16.0161849555994,15.9555767214605,7.70975686445417,16.8867912550094
Homefront,0,110,R,22,37,2570,6915241,20158898,42,62,2013,11,15.7492383742452,16.9065530113226,7.85166117788927,16.819156336975
Broken City,1,109,R,35,77,2622,8268908,19701164,28,41,2013,1,15.9280130147505,17.3708586194537,7.87169266432365,16.7961882782571
Beautiful Creatures (2013),1,132,PG-13,60,57,2950,7582595,19452138,46,54,2013,2,15.8413660473157,17.9098551201864,7.98956044933387,16.7834675448668
Runner Runner,1,91,R,30,66,3026,7706712,19316646,9,34,2013,10,15.857602195436,17.2167079396264,8.0149968943483,16.7764777691935
You're Next,1,96,R,1,56,2437,7020196,18494006,74,59,2013,8,15.7643016958402,13.8155105579643,7.79852305362521,16.7329572375492
Admission,0,117,PG-13,13,77,2161,6154984,18007317,38,33,2013,3,15.6327727180847,16.3804599154258,7.67832635650689,16.7062887332617
Parker,0,118,R,35,70,2238,7008222,17616641,41,49,2013,1,15.7625945891788,17.3708586194537,7.71333788887187,16.6843545246577
Dark Skies,1,97,PG-13,3.5,91,2313,8189166,17418667,39,49,2013,2,15.9183226191422,15.0682735264596,7.74630066223144,16.6730530052208
The Counselor,1,117,R,25,84,3044,7842930,16973715,35,24,2013,10,15.8751230469988,17.0343863828325,8.02092771898158,16.6471765289855
Jobs,0,122,PG-13,12,49,2381,6713900,16131410,27,41,2013,8,15.7196905621604,16.3004172077523,7.77527584648686,16.5962788610361
The Last Exorcism Part II,0,88,PG-13,5,35,2700,7728354,15179302,16,27,2013,3,15.8604064612788,15.4249484703984,7.90100705199242,16.5354433473199
The Last Stand,1,107,R,45,42,2913,6281433,12050299,60,54,2013,1,15.6531086971276,17.6221730477346,7.97693875695943,16.3046000308711
Out of the Furnace,0,106,R,22,65,2101,5220288,11330849,53,52,2013,12,15.4680631307507,16.9065530113226,7.650168700845,16.2430395640009
Dead Man Down,0,110,R,30,42,2188,5345250,10895295,38,47,2013,3,15.4917188740322,17.2167079396264,7.69074316354187,16.203841602635
Getaway (2013),1,94,PG-13,18,35,2135,4503892,10501938,2,36,2013,8,15.3204524698286,16.7058823158604,7.66622192566273,16.1670703695251
Bullet to the Head,1,91,R,55,42,2404,4548201,9489829,46,40,2013,2,15.3302423281266,17.8228437431967,7.7848892956551,16.0657311514564
Tyler Perry Presents Peeples,1,95,PG-13,15,35,2041,4611534,9177065,35,50,2013,5,15.3440711145029,16.5235607590665,7.62119516280985,16.0322179947008
Battle of the Year,1,109,PG-13,20,31,2008,4603177,8888355,6,50,2013,9,15.3422572752428,16.8112428315183,7.60489448081162,16.0002525509981
Movie 43,0,97,R,6,49,2023,4805878,8840453,4,24,2013,1,15.3853503100209,15.6072700271923,7.61233683716775,15.9948486776448
Machete Kills,0,107,R,20,35,2538,3837183,8008161,29,36,2013,10,15.1602490616023,16.8112428315183,7.83913164827433,15.8959717046702
Paranoia,0,115,PG-13,35,48,2459,3528376,7385015,5,36,2013,8,15.0763482663937,17.3708586194537,7.80751004221619,15.8149635050898
Black Nativity,1,92,PG,17.5,51,1525,3669530,7018189,48,53,2013,11,15.1155741464346,16.6777114388937,7.32974968904151,15.7640157655122
All Is Lost,0,100,PG-13,8.5,133,483,93583,6263670,93,63,2013,10,11.4466040220384,15.9555767214605,6.18001665365257,15.6502768332727
Pulling Strings,1,112,PG,20,49,438,2467168,5842961,58,73,2013,10,14.7185814920984,16.8112428315183,6.08221891037645,15.5807482468609
Closed Circuit,0,96,R,,30,870,2464931,5750401,42,31,2013,8,14.7176743731807,,6.76849321164863,15.5647801494723
Much Ado About Nothing (2013),0,107,PG-13,,126,222,171942,4328849,84,78,2013,6,12.0549124896254,,5.40267738187228,15.2808122447809
Frances Ha,0,86,R,,118,233,137398,4069826,93,77,2013,5,11.8306371026237,,5.4510384535657,15.2191108046621
The To-Do List,0,100,R,1.5,21,591,1579402,3491669,51,47,2013,7,14.2725568523485,14.2209756660724,6.3818160174061,15.0658904033619
Metallica Through the Never,0,93,R,18,31,589,1576561,3419967,78,76,2013,9,14.2707564505266,16.7058823158604,6.37842618365159,15.0451414598694
Emperor,0,98,PG-13,,98,311,1014099,3346265,31,46,2013,3,13.8295110915036,,5.73979291217923,15.0233553564365
Stand Up Guys,1,93,R,15,35,670,1486390,3310031,37,47,2013,2,14.2118609193549,16.5235607590665,6.50727771238501,15.0124681128683
The Fifth Estate,1,124,R,28,49,1769,1673351,3255008,37,38,2013,10,14.330338760713,17.1477150681395,7.47816969415979,14.9957052913791
In a World,0,93,R,0.8,119,144,70541,2963902,92,71,2013,8,11.1639493800434,13.5923670066501,4.969813299576,14.9020172014237
Home Run,0,113,PG-13,1.2,56,381,1582466,2861020,45,83,2013,4,14.2744949477776,13.9978321147582,5.9427993751267,14.8666887625706
Filly Brown,1,101,R,2,42,259,1478323,2850357,45,74,2013,4,14.2064188951798,14.5086577385242,5.55682806169954,14.862954807558
Grace Unplugged,0,102,PG,1.7,63,511,998145,2507201,50,82,2013,10,13.8136538353211,14.3461388090264,6.2363695902037,14.7346775494351
The Sapphires,1,98,PG-13,10,126,126,38372,2450867,91,76,2013,3,10.5550833059378,16.1180956509583,4.83628190695148,14.711952397472
I'm In Love With a Church Girl,0,118,PG,3,40,458,971826,2387730,6,67,2013,10,13.7869320550723,14.9141228466324,6.12686918411419,14.6858536817756
Trance,1,101,R,20,62,443,131145,2328743,68,63,2013,4,11.7840588602831,16.8112428315183,6.09356977004514,14.660839194989
The East,1,116,PG-13,6.5,69,195,77031,2301839,74,65,2013,5,11.2519632172178,15.6873127348659,5.27299955856375,14.6492189266348
The Christmas Candle,0,100,PG,7,49,392,68655,2258620,18,80,2013,11,11.1368492417559,15.7614207070196,5.97126183979046,14.6302645652754
Oldboy (2013),0,120,R,30,37,583,885382,2193658,42,38,2013,11,13.6937744692791,17.2167079396264,6.36818718635049,14.601081027995
Austenland,1,97,PG-13,7.6,140,274,40662,2159041,30,56,2013,8,10.6130492743642,15.8436588052566,5.61312810638807,14.5851746995899
The Saratov Approach,0,101,PG-13,,152,84,137226,2146999,,88,2013,10,11.8293844806934,,4.43081679884331,14.5795816110946
The Iceman (2013),0,105,R,10,91,258,87946,1969193,66,63,2013,5,11.3844782687449,16.1180956509583,5.55295958492162,14.4931343721168
Stoker,1,99,R,12,69,275,160547,1714221,69,61,2013,3,11.9863420135754,16.3004172077523,5.61677109766657,14.3544693079844
Unfinished Song,1,93,PG-13,,105,91,25728,1702668,64,70,2013,6,10.1553351719787,,4.51085950651685,14.3477069905515
Bless Me Ultima,0,106,PG-13,,48,263,470109,1553826,71,74,2013,2,13.0607198616918,,5.57215403217777,14.2562308345288
Disconnect,0,115,R,20,42,180,124000,1436900,68,76,2013,4,11.7280368445872,16.8112428315183,5.19295685089021,14.1779985732173
Girl Most Likely,0,103,PG-13,,56,351,694447,1378591,21,33,2013,7,13.4508711243696,,5.86078622346587,14.1365725210503
The Kings of Summer,0,93,R,1.5,56,65,58962,1315590,75,78,2013,5,10.9846484475905,14.2209756660724,4.17438726989564,14.0897957921736
The Invisible Woman,1,111,R,19.2,142,153,31948,1234254,76,46,2013,12,10.3718648600373,16.770420836998,5.03043792139244,14.0259772969504
The Lords of Salem,0,100,R,1.5,28,354,642942,1165882,45,30,2013,4,13.373809796974,14.2209756660724,5.86929691313377,13.9689884400853
Romeo and Juliet (2013),0,102,PG-13,24,56,461,520116,1162635,22,49,2013,10,13.1618071426027,16.9935643883122,6.13339804299665,13.9661995387335
What Maisie Knew,0,99,R,6,91,122,21480,1066471,87,80,2013,5,9.9748775486228,15.6072700271923,4.80402104473326,13.8798656247751
Thanks for Sharing,0,110,R,,42,269,536591,1065881,49,43,2013,9,13.1929914445632,,5.59471137960184,13.8793122452064
Phantom (2013),0,97,R,18,17,1118,508000,1034589,25,34,2013,3,13.1382367265606,16.7058823158604,7.01929665371504,13.8495148043667
Kill Your Darlings,1,104,R,,135,78,53452,1030064,76,61,2013,10,10.886539333901,,4.35670882668959,13.8451314941978
Short Term 12,0,96,R,1,182,75,56206,1013100,99,92,2013,8,10.936778791749,13.8155105579643,4.31748811353631,13.8285254950418
Ginger & Rosa,0,90,PG-13,20,84,99,42838,1012973,80,50,2013,3,10.6651808381311,16.8112428315183,4.59511985013459,13.8284001293712
Only God Forgives,0,89,R,4.8,49,81,313958,779188,40,37,2013,7,12.6570144979822,15.3841264758781,4.39444915467244,13.5660076307812
Parkland,0,93,PG-13,10,35,257,310246,653651,48,47,2013,10,12.6451208101554,16.1180956509583,5.54907608489522,13.3903288488596
To The Wonder,0,113,R,,91,60,116551,587615,45,38,2013,4,11.6660842244357,,4.0943445622221,13.2838272505258
The Reluctant Fundamentalist,0,128,R,15,48,58,30920,552959,54,63,2013,4,10.3391585027014,16.5235607590665,4.06044301054642,13.2230391367071
The Lost Medallion,0,97,PG,2.5,76,68,143532,549632,,53,2013,3,11.8743132858375,14.7318012898384,4.21950770517611,13.2170042423583
The Inevitable Defeat of Mister and Pete,1,108,R,3,21,147,254279,494608,90,88,2013,10,12.44618736837,14.9141228466324,4.99043258677874,13.1115208086253
Upstream Color,0,96,Unrated,,84,43,28649,444098,84,70,2013,4,10.2628738175198,,3.76120011569356,13.0038005377798
Ain't Them Bodies Saints,0,90,R,4,48,44,26419,396519,79,62,2013,8,10.1818387272464,15.2018049190842,3.78418963391826,12.8904792382028
At Any Price,1,105,R,4.5,100,81,16095,380594,50,33,2013,4,9.68626394373291,15.3195879547405,4.39444915467244,12.8494884691377
Lovelace,0,92,R,10,28,118,184536,356582,54,37,2013,8,12.1255998453801,16.1180956509583,4.77068462446567,12.7843195064126
Drinking Buddies,0,90,R,0.5,91,33,19505,343341,83,49,2013,8,9.87842612194076,13.1223633774043,3.49650756146648,12.7464794013855
Diana,0,113,PG-13,15,28,100,67754,335359,8,26,2013,11,11.1236387775895,16.5235607590665,4.60517018598809,12.7229568788001
